path,bytes,sha256
README.md,3290,8826e67fcf782e13fe9471eb129d12256431c37484541f0296f238c99695ead5
agents/png_1024_dark/01_azure_architect_00CFFF_1024_dark.png,140022,27ab586f17ab23147fd5a75574fab28f651e76f873d4d9f52fa162f3001c408f
agents/png_1024_dark/02_entra_identity_00C0F6_1024_dark.png,141271,cf5f1e67b047d8e92ec6f52789529ea294a582b03fb7ec4477b4d4a84a6f80f2
agents/png_1024_dark/03_teams_collaboration_00B0ED_1024_dark.png,141832,4b156657f7047cee505eaa0471621475019f13d63565aa8f72e2a5ca7edb4689
agents/png_1024_dark/04_power_platform_maker_00A1E3_1024_dark.png,140757,25cda5f0d5e1e921a182b396060bb064fd9321958730b8e303030a55ffbe50c0
agents/png_1024_dark/05_power_apps_creator_0092DA_1024_dark.png,139508,6398f3490476439542179aa7a2c0b241c6236cfa25129184cb417817c76db0d9
agents/png_1024_dark/06_power_automate_orchestrator_0083D1_1024_dark.png,138288,7f1aaa1106f514c499e7c1b9766b781033fbab748be52dc1777c49fdfdee600e
agents/png_1024_dark/07_power_bi_analyst_0074C7_1024_dark.png,136540,a282c3a2ce268501a407c722b8b81ba25e25007713cd4d113a417c1dce218c7a
agents/png_1024_dark/08_power_pages_portal_0066BE_1024_dark.png,135602,943ea4779db4fe970b877c519c92f05bbd6b2211599a50a94f7c079dd67b5a72
agents/png_1024_dark/09_m365_strategist_0056B5_1024_dark.png,133668,8a281390e0c5de8e2c26a928afabdd98479202ec5b8ef665aff7dc2acc8a458b
agents/png_1024_dark/10_copilot_studio_agent_builder_0047AB_1024_dark.png,131409,2f2c932d196b074267e79d9fe8c05e63fdae2da3f24c198eb9b6b74702392471
agents/png_1024_dark/11_powerpoint_storyteller_394AB0_1024_dark.png,146100,e45ea0c09adae6ca1016649e5786ac45fa1b413e6886ac2cacdd25657d42c38b
agents/png_1024_dark/12_excel_modeler_574BB4_1024_dark.png,148783,f3c56d6cf8307d305e4360ff1d7450f6ebc3169c7029b8432430a150de503d74
agents/png_1024_dark/13_word_writer_714CB9_1024_dark.png,151226,2393b32d950ee7fd91158904c3320e9f87a75c56a9aada3aa1d79453026f1bb3
agents/png_1024_dark/14_outlook_communicator_894ABE_1024_dark.png,153493,870b1187b55490f8b0a0393e83881be5585461441c8ea3c5cbd2b6de424d9726
agents/png_1024_dark/15_sharepoint_knowledge_A147C2_1024_dark.png,155073,da443224a7f8f8334865d2f540472e1d4d843087394bce128b57226291bbc3b0
agents/png_1024_dark/16_onedrive_sync_B942C7_1024_dark.png,154892,e492c5d72d01de9bf5f9f5361aac45cd8d0fc3478c4b875250586ff357f68149
agents/png_1024_dark/17_edge_browser_D039CB_1024_dark.png,153632,49304a41b3e438d3779e3fdfd64d87937fdac34d480e305c74a485c17f54f44c
agents/png_1024_dark/18_windows_os_E72AD0_1024_dark.png,153986,89328d57247229aad0fd934a3c1e5a5279367493ba5a7067f26b837bb0532304
agents/png_1024_dark/19_dataverse_modeler_FF00D4_1024_dark.png,140798,46e6713c7f4bc4ebedef0f0e75a4d858f7564b72418a756c2d2fbd53330dc1a7
agents/png_1024_dark/20_fabric_data_engineer_FE24C4_1024_dark.png,152343,5726672d8215307b2f973745c04a06b508707fa3741bf522cf7cf6f95f3149b6
agents/png_1024_dark/21_azure_ai_foundry_FE34B4_1024_dark.png,154116,fb2daba2693f57f19c5cf03e5cc977ef58c4930ebdbf01d21554ea0f158faac9
agents/png_1024_dark/22_apim_integration_FE3EA3_1024_dark.png,154391,823f3287ac09b36ef5e3e27d17ee054ee376b44b446b196d04ebcb7f024a4286
agents/png_1024_dark/23_designer_creator_FE4692_1024_dark.png,154083,13885a7ed1b9362fac3a3ef8e8790deab0a9db8338f701bae1f58426986afcbf
agents/png_1024_dark/24_github_engineer_FE4C80_1024_dark.png,152301,02be0c4f77d60b49f6b8f1c7215bb90ad685dec07c79c4df4dd1cfe7d39e45dd
agents/png_1024_dark/25_vscode_developer_FE516D_1024_dark.png,151443,bff18e5297063c23ddc4e0da3aefc67fb86aeab3c2c87f11bc1a2787ca0d3d9d
agents/png_1024_dark/26_devops_release_FE5557_1024_dark.png,148264,b6fc545752c37a4ea54b2cb08b53bb11dcafee65767fb1e26228666ae2fd5089
agents/png_1024_dark/27_aks_platform_FF583C_1024_dark.png,178453,c272b48bf44eb799799954e374dc6e18f24a85dfacb168bb9a22cdd1c58639af
agents/png_1024_dark/28_functions_serverless_FF5A00_1024_dark.png,165331,ba8a40eb646f18891599dbe990739bc09162832890d11c26dfc664608e14d443
agents/png_1024_dark/29_cosmosdb_global_F85402_1024_dark.png,169246,916c27f057b6a085db3f5a66911337325ad6dec3b2cca5c0438b85edf090dcc5
agents/png_1024_dark/30_sql_database_F24E04_1024_dark.png,170831,dcaeef5d1f740a7459dfd8a626b3c98cc84943c43d0721865cb91822d123d21e
agents/png_1024_dark/31_graph_connector_EC4705_1024_dark.png,170649,fc3a4d92e10c2682fa34655402f594fa174172a419160a699b9e96cdd5a8c9dc
agents/png_1024_dark/32_defender_security_E54107_1024_dark.png,170705,22d3e3910b2d5151a8f6efeed0d05719957ae1f836889fd99446458ce5c35f97
agents/png_1024_dark/33_sentinel_soc_DF3A08_1024_dark.png,169643,431092efe3edc522cff885e33432a5e7edf9f2798bd0ebc4687cb5ffa79dcdfd
agents/png_1024_dark/34_purview_governance_D83309_1024_dark.png,168890,0c8d4afd656cfc630b3c7de03a404c7e747f37287fe8adfb15dc5cd1ed183386
agents/png_1024_dark/35_intune_endpoint_D22C0A_1024_dark.png,167988,c934ab1fbca6a3685d2cc376c05b3da501846a806b0216e5595b7390bab655bc
agents/png_1024_dark/36_viva_employee_experience_CB230A_1024_dark.png,164803,0e37da8fb8e3ea7af4eba4694a939e8938a4ff056709640f7e95fbd1478eddda
agents/png_1024_dark/37_loop_workflows_C51A0B_1024_dark.png,163240,6686bbd1a54f8285646bfdbabc8634ff1a1004e517df7f2c7ae06502e49f0d10
agents/png_1024_dark/38_planner_coordination_CE3C10_1024_dark.png,171764,970a596b43edc30f744280b6424f3be7977280f331a84e601ded607fcb5e4057
agents/png_1024_dark/39_dynamics_customer_D65514_1024_dark.png,174163,d0d82c20f1d58f7bcc7dfe179505d02081c8a5e572b25369e3406490bbe3cc48
agents/png_1024_dark/40_finance_ops_DE6B19_1024_dark.png,176390,805a0a71314809dd8aefa0d4ab5ba4e076d6eb30f2eb9ad4319cca53c13ac7d4
agents/png_1024_dark/41_healthcare_clinical_E57F1D_1024_dark.png,177980,d786b009a2b7cdf3cd98a4a9252cd50593748499aa9198139bb57bb76c49b5fc
agents/png_1024_dark/42_retail_personalization_EB9322_1024_dark.png,180522,37a283f2341e9c5ae504be052c00106518a013f769463d3a5c1d53e3aa27988c
agents/png_1024_dark/43_manufacturing_iot_F1A727_1024_dark.png,182710,e74291d6835eee2c9d606df307b43e2a797832c95c3e01c9659f87cef205a052
agents/png_1024_dark/44_sustainability_greenops_F6BA2B_1024_dark.png,184146,86409fb05b268b588eb06aee939fc5e1367261b75743256e3a83902306ab96d6
agents/png_1024_dark/45_privacy_trust_FBCE30_1024_dark.png,185271,b42a7d9b0396317ccf97a91ecea1eb6aacd71db9110a6b952357a32c1bfecdfe
agents/png_1024_dark/46_research_scientist_FFE135_1024_dark.png,185297,65e8294b9e2f06cdf8743e69515ccdea73094ed8b3de31c366aa4d65f15b13ce
agents/png_1024_dark/47_principal_architect_FFD030_1024_dark.png,184491,a3ccc05942a5d0eca9442d572aa4e78f2d678f9ba0166c20800b03da49c6e7fb
agents/png_1024_dark/48_executive_briefing_FFBE2B_1024_dark.png,183075,c8191c3fd52119c04204208e726a1feef679d7cfd03d4dfc8927dec73a4f7bf5
agents/png_1024_dark/49_agent_swarm_orchestrator_FFAC25_1024_dark.png,181350,6591dacf22be308e4522dd34efccc2f348bda8d5c65f06b29f9df703fe5a76a3
agents/png_1024_dark/50_red_team_adversary_FF9A20_1024_dark.png,178846,170b742ea97b32a32cec6b4a634953ce10554a520db90ae07de6ecc91e241c23
agents/png_1024_dark/51_compliance_auditor_FF871A_1024_dark.png,177062,fed1cf48fe6daa3ee0bdb4dcd61c6d4c0cc03a3e549a7b1445b827904c7385c4
agents/png_1024_dark/52_education_learning_FF7214_1024_dark.png,174583,5bed96739dc27d2d9b0d120885bc4aea662acc52ff0e6bc4e8353140befda04d
agents/png_1024_dark/53_legal_contracts_FF5B0E_1024_dark.png,172002,2724bc2dc01d49e06fd46123e193cdc21071079d48ffaf88aad646d45ba6920a
agents/png_1024_dark/54_marketing_growth_FF3F06_1024_dark.png,167197,60a01866d5046d865256c0425efe68aed0f898a6c8cd27f899aa7705d2fa1991
agents/png_1024_dark/55_sales_enablement_FF0800_1024_dark.png,150361,793997d08a3a7bb6de84dd9734ecd63d4133e8d30cf25bc88e18136e84845c8d
agents/png_1024_dark/56_support_triage_FF4535_1024_dark.png,176306,58b6d4e8a68763e849376854c79b7758ee464e87a113b929ff71b12f41e091bf
agents/png_1024_dark/57_observability_sre_FF6553_1024_dark.png,180742,366cd82f5dc6547be9ca24089c1abeffe1b274bafe47d916679c548eafe79948
agents/png_1024_dark/58_storage_scale_FF7E6D_1024_dark.png,183136,b4de429e64297107c5f5f21c96739b74d14ed0c8fe883e6d03966cc89b65262b
agents/png_1024_dark/59_network_edge_FF9586_1024_dark.png,185414,a3fac56c7c3c82b53bc268ab9c36da1ab664606f72900d34915566623a2654b1
agents/png_1024_dark/60_robotics_embodied_FFAB9E_1024_dark.png,187905,4418be8c6fbd01ec244d80557f01b439ccf7fe3dddd6500e58fbd1cde11fe706
agents/png_1024_dark/61_quantum_experiment_FFBFB6_1024_dark.png,188403,31d253c7d48ce2d2b1ab6c6ff5354972e248919f3997f18044bde37df9df079b
agents/png_1024_dark/62_blockchain_decentralized_FFD4CE_1024_dark.png,188551,8a76fbe35c107539246cd64c6b54e9ae05abe73ce52c01b128b3f0cdfb6ae540
agents/png_1024_dark/63_prompt_engineer_FBE7E7_1024_dark.png,182735,8456c514aa3c61c910c32fcb71b9ea84195d52b69d8e21e7157576249d619833
agents/png_1024_dark/64_graphite_reviewer_F4FBFF_1024_dark.png,181598,d6a6fe427b7169320bb957715f35aa3907fa271b50943de0c48f23c594ed7640
agents/png_1024_transparent/01_azure_architect_00CFFF_1024_transparent.png,156698,fcae2d34047a0ea1421d1e26b98ef62402ea6e82ac5d20abfe4dfcbbb28fd205
agents/png_1024_transparent/02_entra_identity_00C0F6_1024_transparent.png,170143,6960f51e977374f25b9577f65c0357fdde9c2ce1c9ebc156fd2c4f434750a6bc
agents/png_1024_transparent/03_teams_collaboration_00B0ED_1024_transparent.png,175690,b870ed8d39d2e2788f9144d5b0295d7276fe9f4daba4a257d6fe7b262ea84965
agents/png_1024_transparent/04_power_platform_maker_00A1E3_1024_transparent.png,176504,fb73fc9f3e7b24035e3c3b87f2a1086b8a166281c0e271a728303d69b4601cbc
agents/png_1024_transparent/05_power_apps_creator_0092DA_1024_transparent.png,175859,79dd69d46125eaba2ba88a7b5e23e79285cf7381272ca56e2549dc28afe60e59
agents/png_1024_transparent/06_power_automate_orchestrator_0083D1_1024_transparent.png,174414,55db90522ed92d5b45d4c2ac73e1d6710dff19df33d2f6d24095f859a939bfe9
agents/png_1024_transparent/07_power_bi_analyst_0074C7_1024_transparent.png,174733,13f3ac5cd7db92db6511095137cac13392b57f3fc1ce9861c5117b83e28d8c15
agents/png_1024_transparent/08_power_pages_portal_0066BE_1024_transparent.png,173900,5fb77d554f9e7fb1041540f1ab986794a8b0840f4ec8fb05e0bc99ced16f141d
agents/png_1024_transparent/09_m365_strategist_0056B5_1024_transparent.png,171432,429f5fd8e9192b29a16850e96707dd2956e64eba4146c7bb8e3bfd5dd9b98aa1
agents/png_1024_transparent/10_copilot_studio_agent_builder_0047AB_1024_transparent.png,171105,5d731ad9cae7a2dc0f37018cf181dab71710e8f45e597bf744d81ded0f351e2a
agents/png_1024_transparent/11_powerpoint_storyteller_394AB0_1024_transparent.png,186561,e4718a91c99cfc275577801991cb02ae347f3a9e9382c06370b5db840c8097f6
agents/png_1024_transparent/12_excel_modeler_574BB4_1024_transparent.png,187901,1449497ad1348eeeaaa27a2c80088aa0d0b73b01133097a4d4bc87da08817019
agents/png_1024_transparent/13_word_writer_714CB9_1024_transparent.png,190471,7690855df20059a6dea9ab54103ffbde27815574540179ae78e6957b8b95d43f
agents/png_1024_transparent/14_outlook_communicator_894ABE_1024_transparent.png,191949,cec3c986704899e42fa88202ea9889df44437b8e5ffbe8d140276c76378add11
agents/png_1024_transparent/15_sharepoint_knowledge_A147C2_1024_transparent.png,193280,7725327d4bf0f4b592062f639fc9936db10bf5ec7f633e36ca4163581cbc5f7f
agents/png_1024_transparent/16_onedrive_sync_B942C7_1024_transparent.png,192376,79d82704c696591e8de32482ddcc1666749a34668b2560427832ae5d61b1abcb
agents/png_1024_transparent/17_edge_browser_D039CB_1024_transparent.png,191354,2d3376ca69d957d253f4106595ef273e124ac92ad9b99b7c558bad5f8f675f5b
agents/png_1024_transparent/18_windows_os_E72AD0_1024_transparent.png,190591,b138181f630581b05f2f282e39994ea18a6b03140c8f874902c7808d5e9d5152
agents/png_1024_transparent/19_dataverse_modeler_FF00D4_1024_transparent.png,156659,5936f00179a2e9fe1a018cbc910520b1a405cd2d68e2b548031ced2179d1522d
agents/png_1024_transparent/20_fabric_data_engineer_FE24C4_1024_transparent.png,176999,65c78f5fc36f335ab9e51c612c1d2b176cb1c673cb094dd2c2aa2f08c4045ee3
agents/png_1024_transparent/21_azure_ai_foundry_FE34B4_1024_transparent.png,178612,0ab3da1e7f5fa386e88dfe5ad50b68e4aa7fa7fef63997292e68ff3e7ff92e22
agents/png_1024_transparent/22_apim_integration_FE3EA3_1024_transparent.png,179544,c573cfa3cb831908fad773daf5120410de1f4e0f358acfb7b502bfdd52927f35
agents/png_1024_transparent/23_designer_creator_FE4692_1024_transparent.png,178797,790b1ec5c169d594cebaf8948cad5ee84536765aeb6a326aadd2e6c6c6f41f89
agents/png_1024_transparent/24_github_engineer_FE4C80_1024_transparent.png,176890,88c335805b89741052e54669d40011d0f310389d79d2f326af0bcae20966b2d1
agents/png_1024_transparent/25_vscode_developer_FE516D_1024_transparent.png,176758,457d06aae3e53d9a272fdd6f699ded023a96f6d85b1b076be6613caaa95c4bc8
agents/png_1024_transparent/26_devops_release_FE5557_1024_transparent.png,171942,c7af5fb7389be338b3bb8dc63181b2d3d55b7f70191912d0e083d9d01f939711
agents/png_1024_transparent/27_aks_platform_FF583C_1024_transparent.png,210357,e7912c10dae04d48d40d97c61178560fc43bf85640bfbe3bb66d62859c094dee
agents/png_1024_transparent/28_functions_serverless_FF5A00_1024_transparent.png,194980,061c22866c3a82417840d867afa0f5fd6a0a59126e370b6fe36a57fd52ba42a2
agents/png_1024_transparent/29_cosmosdb_global_F85402_1024_transparent.png,213276,62139db7af237e69ac8365423c782a4edd872c121b9352be1a24cb7647bf2c19
agents/png_1024_transparent/30_sql_database_F24E04_1024_transparent.png,217920,027fbeb55e1407d0a5874ca1d521ae5db014e9d37c6f2c515c3424e70ee0ad02
agents/png_1024_transparent/31_graph_connector_EC4705_1024_transparent.png,219874,76b91e04eff1369b96b1f560232fd13609dca1d6f411f20d8b9a542729d113c1
agents/png_1024_transparent/32_defender_security_E54107_1024_transparent.png,220463,98a577ea82609fe8d7e340b6a7b288621b4f74ce8072778a90489a63a221f5a4
agents/png_1024_transparent/33_sentinel_soc_DF3A08_1024_transparent.png,220375,6691c96de5f8713a67889af7c78d71847876fcb82d85e21290fb9a594b4dad23
agents/png_1024_transparent/34_purview_governance_D83309_1024_transparent.png,220084,168fa47b8249c31d465d193040820077ffe346e1d16e0ae9e693a62f2d9cbeb7
agents/png_1024_transparent/35_intune_endpoint_D22C0A_1024_transparent.png,219790,02f3f3811e3867839086bdcf6cbe993e51b3ef57a7aefb32ee3af43c3a93c1f8
agents/png_1024_transparent/36_viva_employee_experience_CB230A_1024_transparent.png,219111,b196a1255a4778713c43af154940339476194a462efcc010cea71dee64e6baed
agents/png_1024_transparent/37_loop_workflows_C51A0B_1024_transparent.png,218643,3c6421d862a541f38a7b4c0967ff98d0ed7c43a100fbca029a929c935792c41e
agents/png_1024_transparent/38_planner_coordination_CE3C10_1024_transparent.png,224345,6adb007e293487c03de8727fe53cf15458bc961d3a06dbd100cc9c3e09f78438
agents/png_1024_transparent/39_dynamics_customer_D65514_1024_transparent.png,225020,469fdde47150ddaebac90fe021769f01d4d041d7ddb6c412254e2d76d6069f4d
agents/png_1024_transparent/40_finance_ops_DE6B19_1024_transparent.png,227320,6d0b2f8da1ebf776f45dab1f473e0b78564a5e6c0c164516f69acd968793aaf6
agents/png_1024_transparent/41_healthcare_clinical_E57F1D_1024_transparent.png,227324,d935c96d4f39cedd536296ac60520b265cb544f89f9e847b35bd7399033f74f8
agents/png_1024_transparent/42_retail_personalization_EB9322_1024_transparent.png,229394,17764c42ae43b82b1f5ecabaec5a2adb819516800938fb7c04b294bfe1576c44
agents/png_1024_transparent/43_manufacturing_iot_F1A727_1024_transparent.png,228378,e8eaa8f0b6363ef91337021ac94ff5629d3d72d9d30b5012e258a7a62d5d29ba
agents/png_1024_transparent/44_sustainability_greenops_F6BA2B_1024_transparent.png,226655,b8e0226f89c7cb61df216adbfec0b80b2f23ccb4b409781d09a06a0dd4e1efef
agents/png_1024_transparent/45_privacy_trust_FBCE30_1024_transparent.png,223448,599c0bd388871dc88f2a910ff775f0f45f2c2084693024eccb9275cd99181ec4
agents/png_1024_transparent/46_research_scientist_FFE135_1024_transparent.png,215582,b976f580ab1b0e2f7f7ec36b6299d95ceadd4476f3f3b9da55a0ec3ab161518f
agents/png_1024_transparent/47_principal_architect_FFD030_1024_transparent.png,215269,b3b97d560478312bbb9334ea5631304c1ae50370c18897db221c8739dac2f47b
agents/png_1024_transparent/48_executive_briefing_FFBE2B_1024_transparent.png,214575,1b07b6a72340b30ac217f65b741416fa1ca172b05a345e3c8e7981a25fa9f005
agents/png_1024_transparent/49_agent_swarm_orchestrator_FFAC25_1024_transparent.png,213365,a68298e7f81aa7401ba47936209705886936279f1a3a8ec0824e60ee3ee24a2f
agents/png_1024_transparent/50_red_team_adversary_FF9A20_1024_transparent.png,211052,6ee415f0e6fcb878dbb4491d6d49a333708a52e5a87a9b247bb3687d95bd3877
agents/png_1024_transparent/51_compliance_auditor_FF871A_1024_transparent.png,209061,127bcf16961947e4b53cd6fd5e94649bed826b12600a09ed391ef0f14ecaf739
agents/png_1024_transparent/52_education_learning_FF7214_1024_transparent.png,207260,a129a9561c9d5768ebb3e676138f4f660a99195b57037c5d679378b966a6a8fd
agents/png_1024_transparent/53_legal_contracts_FF5B0E_1024_transparent.png,203972,246d5d0bf923a82cc7e915f2a5cfeaaccc60c66e5833afe5ac227ecf4e98ab93
agents/png_1024_transparent/54_marketing_growth_FF3F06_1024_transparent.png,197605,dcce34ade4dff012937936d20720337305c0d8c940301ea6c6d2dd77d6b17467
agents/png_1024_transparent/55_sales_enablement_FF0800_1024_transparent.png,181200,4b4b65cee7dc886abe98d442b95c1eff52aa1da37da1b8554e9eeebed4525be5
agents/png_1024_transparent/56_support_triage_FF4535_1024_transparent.png,208252,03146a515671350c24f915ac3e616f87920e6be3f2a0fcb509a321da53b4e181
agents/png_1024_transparent/57_observability_sre_FF6553_1024_transparent.png,212318,a176b1e40fa8df31af03d0d10c9b7ba8d1dbabed5cfb662325f70bf38caa0cf9
agents/png_1024_transparent/58_storage_scale_FF7E6D_1024_transparent.png,214107,959ded5ec13b48dc005229db63c55394415d1c1cfae289458faf34380bf04e11
agents/png_1024_transparent/59_network_edge_FF9586_1024_transparent.png,215741,866e20f2eecb3d67558c91c03fc5af8e676c3fb72a35a4ea005be313c09a445a
agents/png_1024_transparent/60_robotics_embodied_FFAB9E_1024_transparent.png,218068,b1bc005181bdfa09e4365c2527c5088339203efa0296b434df2dad67dd1c9822
agents/png_1024_transparent/61_quantum_experiment_FFBFB6_1024_transparent.png,218225,69f3b87b669cdded817570e6fe410a61a91178cdcbbdd4f974bf9c1bb71b0e28
agents/png_1024_transparent/62_blockchain_decentralized_FFD4CE_1024_transparent.png,218093,33bd90e59c814c09cb47efe5dc617403f574ced44d5933383e181b24cddde132
agents/png_1024_transparent/63_prompt_engineer_FBE7E7_1024_transparent.png,220469,74187191a134a3aaa5f64043d930a3b63fcd1a294b16a47c489bea0cdce40aeb
agents/png_1024_transparent/64_graphite_reviewer_F4FBFF_1024_transparent.png,209292,f19555f5dad7e1d387142ec6dd69e92bd77e9583429ce6f00f0da80496f7e949
agents/png_2048_dark/01_azure_architect_00CFFF_2048_dark.png,297148,f3eaef111fc465ab28f2d55dad70ca379a34d18732fe858fe9ee41d6569d82ed
agents/png_2048_dark/02_entra_identity_00C0F6_2048_dark.png,295734,8d3362d1033fc4d5b126199e420b79f8f31b09c1634dbd3c106239dceb59d9b9
agents/png_2048_dark/03_teams_collaboration_00B0ED_2048_dark.png,295112,357ea22985386239bc398917602ce1e17180b9a21c7317e2e4e12291a272b162
agents/png_2048_dark/04_power_platform_maker_00A1E3_2048_dark.png,292852,1c68950d534761183a2856c7f56c18a09909e14a2760fa60afc8a0a2f4dee4e9
agents/png_2048_dark/05_power_apps_creator_0092DA_2048_dark.png,289095,0bb41061e75ebcd46538873802d5d0308fd0e4e7c0618dda58f6c851f8acf9bf
agents/png_2048_dark/06_power_automate_orchestrator_0083D1_2048_dark.png,291094,8a41e66342da5cc3498b6a162689b89f7ad196cf55d073d70e717c63345fa245
agents/png_2048_dark/07_power_bi_analyst_0074C7_2048_dark.png,286198,df321a418e921ec4237c7ceedefd1c11ba24805fb3a95a8960eacec29baa1ec1
agents/png_2048_dark/08_power_pages_portal_0066BE_2048_dark.png,286675,09b870ec13c496f0f13efed4677b9890cc35e8c6071420ac6aadfc167e9157a6
agents/png_2048_dark/09_m365_strategist_0056B5_2048_dark.png,282217,d9e237f07b94d6416a3d14b27491eb4fda0cbdf1dd5ea323f060f651f5b0fa53
agents/png_2048_dark/10_copilot_studio_agent_builder_0047AB_2048_dark.png,277904,14027d845856a9613ae777973c509109c7e8d3ce15fcbd37088676d7deadc836
agents/png_2048_dark/11_powerpoint_storyteller_394AB0_2048_dark.png,306168,30bf74cf77d230fb2d59d0fda27b8c9ddb9dedd44ecf8c85ebfcbab41265c5fe
agents/png_2048_dark/12_excel_modeler_574BB4_2048_dark.png,310972,5adbe30d20412503933c0aa5f45b38e6ae32dc7968ff3372efd2d0d4a984ba4a
agents/png_2048_dark/13_word_writer_714CB9_2048_dark.png,313300,7d30ae5ffe6bc76142f409279963dd63a4eb86ba33bcbd64e82f12ace4737a95
agents/png_2048_dark/14_outlook_communicator_894ABE_2048_dark.png,315299,0ff4c1ce4282951e36f17fe32bbe006ba17bfc4f981a8c5aa92e17d620400b70
agents/png_2048_dark/15_sharepoint_knowledge_A147C2_2048_dark.png,316720,fd05ed3aafdd93d6045bac1f4440984430111f69142934124fed90f5d15a372f
agents/png_2048_dark/16_onedrive_sync_B942C7_2048_dark.png,318534,f2358e8d8a14ccc668a46faebdbd4926285e2390443a72c3f45a0109061b9fc2
agents/png_2048_dark/17_edge_browser_D039CB_2048_dark.png,318652,2486bcd6e3c5f4b52ad9a4ef01de17436c3a448e4a4bbaf8e82a4b2604cb1415
agents/png_2048_dark/18_windows_os_E72AD0_2048_dark.png,319353,c6bc5051c2e592a10a16e952962497dc80d63cbe3a0d082dde5434a229513b9d
agents/png_2048_dark/19_dataverse_modeler_FF00D4_2048_dark.png,299362,729d227ddbfb4d6baeffc66df932e9ede348455bfbe978492bb6207eacd6fcaa
agents/png_2048_dark/20_fabric_data_engineer_FE24C4_2048_dark.png,318232,b19235993b3b06f5fac4f28d2bb4898bca853d1e34de55a3d43ab295faac7be2
agents/png_2048_dark/21_azure_ai_foundry_FE34B4_2048_dark.png,320711,62f331d3122d18dee7ea1f8d9ccb673491423faa4e347e12936b6a54de2f00d6
agents/png_2048_dark/22_apim_integration_FE3EA3_2048_dark.png,319338,5ec9d66ec57cb349a830f76c9083cfd546a3c836b05a901a88439bd734f88a41
agents/png_2048_dark/23_designer_creator_FE4692_2048_dark.png,318301,20cb2280ac084baf0fa3819322143c7c3ffb498e0dd492fec6e639151baa7fb4
agents/png_2048_dark/24_github_engineer_FE4C80_2048_dark.png,318364,95324ab3a7e59fc41a841f8ba1adb2505564f0be192f7239a8d048376e9b5d7f
agents/png_2048_dark/25_vscode_developer_FE516D_2048_dark.png,317491,f91a0338c1cda24f0f34b85fc56c23a96ac8b3552a5f3fa49ed6c36fbc20138f
agents/png_2048_dark/26_devops_release_FE5557_2048_dark.png,313688,1f7afcbca86afe18e6f33c851e439dab9d2101a0d8c62f8ef217af2f012dea16
agents/png_2048_dark/27_aks_platform_FF583C_2048_dark.png,312931,412f4bd0f52320dae21866c75ab0614237371f633581c0139b50a67d883fd424
agents/png_2048_dark/28_functions_serverless_FF5A00_2048_dark.png,372552,fa27836fee6cde5b44d34c29e955a469e82eed824609d2e700e09069b20d6827
agents/png_2048_dark/29_cosmosdb_global_F85402_2048_dark.png,378834,7b1f58e56a6ccfd5c8b7b0cc8b69d10a37e78ffb3fa5152bda27112be3774e9b
agents/png_2048_dark/30_sql_database_F24E04_2048_dark.png,380439,8236e7c9a60d14bc4263d36e22186fc6d25ad96f2a155d8979320da45105baa3
agents/png_2048_dark/31_graph_connector_EC4705_2048_dark.png,381255,0b4328d4b5d04bbed664980905830b6989e2b1a39c33bcc7d4d42cdbb3bfc13b
agents/png_2048_dark/32_defender_security_E54107_2048_dark.png,379020,4587fd0bf8adec9a8b8772e0c841870c9b198a8c5021be36c1f5e40123c301fe
agents/png_2048_dark/33_sentinel_soc_DF3A08_2048_dark.png,377773,e9ad7535d24205b603e1c378e661f8ad5ea5942a17552c2b34a77900c956fd24
agents/png_2048_dark/34_purview_governance_D83309_2048_dark.png,379031,ffc51b3c3194750fd489452650b3761b82dd211614ba60b2573f9f1df4bac2e5
agents/png_2048_dark/35_intune_endpoint_D22C0A_2048_dark.png,380189,6f619c1479585e7ffd0a71f539b57fac15908e29ae9a1b20232f262a3cc72e44
agents/png_2048_dark/36_viva_employee_experience_CB230A_2048_dark.png,370957,6962fa11f1a3b5b7a5ce85ebf6a970bea946efd0b1a4aafd4b42cbd34b3785f7
agents/png_2048_dark/37_loop_workflows_C51A0B_2048_dark.png,372159,f4c064d5bd19440b3e643a7b4bfede96caa1c30085b849e2b754885843c4d7b9
agents/png_2048_dark/38_planner_coordination_CE3C10_2048_dark.png,382885,6c435f83c67004ad9af327930a5ec3c0154cd64412fa63155cff1ab4d61a9a93
agents/png_2048_dark/39_dynamics_customer_D65514_2048_dark.png,382113,5f8d11a80221b65aa6572fe127cbde288a32d6c66e2b7bbc22408829db1433f0
agents/png_2048_dark/40_finance_ops_DE6B19_2048_dark.png,387197,4a71c4789c05ef1638ab2c3ba66fa6cf5078b8ba928920df2077458c4ae21b3e
agents/png_2048_dark/41_healthcare_clinical_E57F1D_2048_dark.png,390286,2ab4769ac6088286add3167b91028ef3053f7e096774e9c064185913a137a231
agents/png_2048_dark/42_retail_personalization_EB9322_2048_dark.png,394701,8dd499bcebdca5b710e1168dc2cae3d0979d8ffd5da4d79b92d117faf8b74e9f
agents/png_2048_dark/43_manufacturing_iot_F1A727_2048_dark.png,395911,3030eba179038bfd0fce1e7c7d9465a40cfc74962d67f331ad112b631aeb9320
agents/png_2048_dark/44_sustainability_greenops_F6BA2B_2048_dark.png,398143,49127c632f5d968fd71180b7c59e1bd9610763ba38ad52f9f20fe08c1b0782e7
agents/png_2048_dark/45_privacy_trust_FBCE30_2048_dark.png,400192,6652168daa7ee410a6dbfcf52d00308fc894465ce292f6c6f7a96186aa463fe1
agents/png_2048_dark/46_research_scientist_FFE135_2048_dark.png,398451,4d24c52ccf2d61461ae6dcca27896af116f88da03d48b871185e55c4a51b5b56
agents/png_2048_dark/47_principal_architect_FFD030_2048_dark.png,399133,9da4146591984e8dea99b3c5bb62be556a2996edf79f06b6d1c16b0ee9fd23b1
agents/png_2048_dark/48_executive_briefing_FFBE2B_2048_dark.png,397348,c086139d408ec91f0ce80563e3e2d87ca1f8bc72c6467d5b09a330500cb1f3f2
agents/png_2048_dark/49_agent_swarm_orchestrator_FFAC25_2048_dark.png,395541,21c7c26400ef297b0373cf306020ad9ae205d7c0421514efe405602bc252288f
agents/png_2048_dark/50_red_team_adversary_FF9A20_2048_dark.png,394948,cd5fc8effb97765448f91df9f272af016ec99b232578a78486a8a76c186232f6
agents/png_2048_dark/51_compliance_auditor_FF871A_2048_dark.png,391321,aee76da11dd353eae8763962a0689b4c7bb305f71466a3a84503bdad00621565
agents/png_2048_dark/52_education_learning_FF7214_2048_dark.png,389335,d8670249c185c0f04cb933637b657a26fc68fc3f4bb8901c893955f85f96efbf
agents/png_2048_dark/53_legal_contracts_FF5B0E_2048_dark.png,388279,55548bb97380987d0dd906c0d4cad8519e524a813403b0ce2bc578de613d8e2f
agents/png_2048_dark/54_marketing_growth_FF3F06_2048_dark.png,381476,d541b78b2a94d7a4fc8830efb1484a450c260a5f05b1b2a7d051391581014be9
agents/png_2048_dark/55_sales_enablement_FF0800_2048_dark.png,363950,8334a9eb836ff670ab8d013c71f5cc97ae098db53ad27668c83c4a602a870912
agents/png_2048_dark/56_support_triage_FF4535_2048_dark.png,393221,c9c5df92522e89675d52651a294cc6904ebecae9298fee770ff85da5bb837c92
agents/png_2048_dark/57_observability_sre_FF6553_2048_dark.png,396827,56c46e23c76c3fe2b92df42fc5ccc8c71700e1a6f4348967328b51df62247f86
agents/png_2048_dark/58_storage_scale_FF7E6D_2048_dark.png,397752,833275103fce3f942f88a8154b4dc3c893a110d5b1c8becb658c37a680b36086
agents/png_2048_dark/59_network_edge_FF9586_2048_dark.png,399173,c5df87000fe8080485ebc7562019e059cca5c67a2ef97556f10718b84b1a99f6
agents/png_2048_dark/60_robotics_embodied_FFAB9E_2048_dark.png,401101,7d29fff78815c29d6bd0ec41eb7b448c111db020d389f61f9b2dbd5b1fef6715
agents/png_2048_dark/61_quantum_experiment_FFBFB6_2048_dark.png,400151,f7b722fb8b4c467570a36c8fb7e8539dcbde195431d85f97c75c42be26cfb308
agents/png_2048_dark/62_blockchain_decentralized_FFD4CE_2048_dark.png,403276,3338f4d8b1ee8195cb7cb5df153ac2fbcf784bb245537b7099dc473f260212e3
agents/png_2048_dark/63_prompt_engineer_FBE7E7_2048_dark.png,394422,9644c7f843d9ad0684d7434bfc5b20416206c502ba097a6108930033463928f6
agents/png_2048_dark/64_graphite_reviewer_F4FBFF_2048_dark.png,397873,4d56613dac092f919ccdfe3e60639f7f064211ffe890b034b9f38df83bf02b67
agents/png_512_dark/01_azure_architect_00CFFF_512_dark.png,57126,fc752ffbff604dec53ae830a53d70ceb5f7c9dd6744a8b74062b07ddcd05dc7d
agents/png_512_dark/02_entra_identity_00C0F6_512_dark.png,58149,84b9ff22723a0a7b83ba218d52640f30116a4a85f33f778da92751768828b4b6
agents/png_512_dark/03_teams_collaboration_00B0ED_512_dark.png,58389,402369cfdf3391c07129a5c7e019b0a1dc0ca060ac15413bdd701e2d243a857a
agents/png_512_dark/04_power_platform_maker_00A1E3_512_dark.png,57629,e7c8731a4ec94ea8a33f9461f82b2e194016a2698e8222382ac01563ddd28783
agents/png_512_dark/05_power_apps_creator_0092DA_512_dark.png,57369,aefbefff1648d1cc57b2fc805d321a8b4703b3e3f80a178f6c070fe45c6e2f3c
agents/png_512_dark/06_power_automate_orchestrator_0083D1_512_dark.png,56884,5eec95aae23c5cf088b3dfe503e9bf026ba657ce917cf854e405b0bb0a72c3ea
agents/png_512_dark/07_power_bi_analyst_0074C7_512_dark.png,55941,7f02c530be1981c9b28f374e274f8d14fd8c3c32b9cfd9b2e4977e465f3e4388
agents/png_512_dark/08_power_pages_portal_0066BE_512_dark.png,55695,2f37de1f8e2550b62565b897fdb3e3d5d67c25be4433f188f0a27a8d12fbb359
agents/png_512_dark/09_m365_strategist_0056B5_512_dark.png,54748,47e9b880b4a0005ce6e7b992f4b1599aaad6ca491db0bf09e46c488cf4a3f617
agents/png_512_dark/10_copilot_studio_agent_builder_0047AB_512_dark.png,53662,d8d8f9e11630f45463a63652f9c0e634873f43273a254a53766e2e14f24a50ac
agents/png_512_dark/11_powerpoint_storyteller_394AB0_512_dark.png,60983,121d00099087bc49ad6b0f09943b5968a55d844d9b16a5bdbc3de23ecce8bcba
agents/png_512_dark/12_excel_modeler_574BB4_512_dark.png,62106,638ad801bbb57b9f5a7289de01652c6429f34ba2975453454f57a1ba243b3bbc
agents/png_512_dark/13_word_writer_714CB9_512_dark.png,63538,a7a42b1127bbbe5c8ea29fb1b09663b5229d240136eb7cf0098e9f901eb61996
agents/png_512_dark/14_outlook_communicator_894ABE_512_dark.png,64542,70470dea136ff7c315d66985f12c66e6be2907fad08be15a94823df4b857e114
agents/png_512_dark/15_sharepoint_knowledge_A147C2_512_dark.png,64725,872cff1320254ddbc47b3150b9f3c465c656c53ce310ebaa30a1b030ce95c549
agents/png_512_dark/16_onedrive_sync_B942C7_512_dark.png,64674,59f2ee009df3aaec9edcf1b129374426c31191d54c1986cb35d4ae370fe45501
agents/png_512_dark/17_edge_browser_D039CB_512_dark.png,64171,9bddc905d47474abd4b38ce53448e0dd5a7843f62fd510c4b66f05dc4658183a
agents/png_512_dark/18_windows_os_E72AD0_512_dark.png,64840,a97d87ed947e93494e50ff94924309ce3e3d8322e3b2150a3fa70b78a5d2da80
agents/png_512_dark/19_dataverse_modeler_FF00D4_512_dark.png,57436,15805682275e343ef054b1b2859b682763cbbfe0217e5a3f0e788a689c4055fe
agents/png_512_dark/20_fabric_data_engineer_FE24C4_512_dark.png,63447,c991370c94baa7779b56c1cf3545cfc08baf848dc878f694ad3e4b48bea79114
agents/png_512_dark/21_azure_ai_foundry_FE34B4_512_dark.png,64494,6d370d7f8fab99d2effd8e543a01e78102d4d3f461162864ebecd460919d006e
agents/png_512_dark/22_apim_integration_FE3EA3_512_dark.png,64274,fb560c2d729f01afacb30843f378977448bee532e83596f016166aed4565a8a7
agents/png_512_dark/23_designer_creator_FE4692_512_dark.png,64332,56f62bbe459bef2fa38888436d30bf9f624f0c32f278e3c3ed2247f1628f7801
agents/png_512_dark/24_github_engineer_FE4C80_512_dark.png,63691,a61f40ebc57d4d909c8b279d8621a377fbf599abeaa877ad659f66c422a56c63
agents/png_512_dark/25_vscode_developer_FE516D_512_dark.png,63403,96763fd6755c68331fa0c1236e2b27abcdd6e7ca571a3b176adeb06172bf8346
agents/png_512_dark/26_devops_release_FE5557_512_dark.png,61327,e366a685e7cf62d9f6cc300db608eb31bedd824a927eae798c54e207dfb150fe
agents/png_512_dark/27_aks_platform_FF583C_512_dark.png,69621,65a37d8b6f34d58a51d2153d5d0ebbfe07a2c2693bf90e93d72a1aa2075b0fe3
agents/png_512_dark/28_functions_serverless_FF5A00_512_dark.png,63579,43188fe8afb168be32c30ddf5075efdb5ee4cefbd9a1f8d62ceacb9fba0c94c9
agents/png_512_dark/29_cosmosdb_global_F85402_512_dark.png,65528,7daeaa209415f03f6838de9cc6ca946e51b962d9641872d110bbb955ee197aae
agents/png_512_dark/30_sql_database_F24E04_512_dark.png,66253,f650102b7f6584acbff844461cbb94416e2f317020cfad781c8b6fd71765ac54
agents/png_512_dark/31_graph_connector_EC4705_512_dark.png,66294,ae4c4dcb329c6dc64729c0ae09e3002907cec727bffbd93c0d35b4c05c5bf53a
agents/png_512_dark/32_defender_security_E54107_512_dark.png,66032,0b57f88137f4dd460af3ded5e89a027db86d8dc02678399f4417bd35347f99e8
agents/png_512_dark/33_sentinel_soc_DF3A08_512_dark.png,65933,193b8a563b4fbf74e76e314ad2c060131b3fb6814944483fea2bfa948ded61ea
agents/png_512_dark/34_purview_governance_D83309_512_dark.png,65995,fe0fd6ac3f1f78d899c80ff2fa5c56950210bdedda9d3563db9887d66685b049
agents/png_512_dark/35_intune_endpoint_D22C0A_512_dark.png,65985,6da101d18f3f22c2c7a05f82ba279ee37132d7ec3c2f5d5c17fc684f770109c7
agents/png_512_dark/36_viva_employee_experience_CB230A_512_dark.png,64289,878c7baaaf443f9da187ff63f5a60dcc171062a873dfd9ba19111d4f5230b80b
agents/png_512_dark/37_loop_workflows_C51A0B_512_dark.png,63058,765533a4b39caaf535bb72679878d8822ce95f4e56c444f8b1d4205ee2e10efa
agents/png_512_dark/38_planner_coordination_CE3C10_512_dark.png,66412,04cb3e50d01fd8c0f1778dc05099a462548bef29ee882b3d1199c9b1cf8c2ac9
agents/png_512_dark/39_dynamics_customer_D65514_512_dark.png,67415,428a71394b0abaa16e44cdebeef11b5a86fc2aabe1cc4a7df73a3d140d5e11f7
agents/png_512_dark/40_finance_ops_DE6B19_512_dark.png,69142,9b4d5fe2b659f20243a3cdb9cd15dd2a9c634724a6307f70bcec938cae620a9e
agents/png_512_dark/41_healthcare_clinical_E57F1D_512_dark.png,69723,7028d8c0098701051885401f5191fe3f8b500252e699857a4869dd8c8fff3367
agents/png_512_dark/42_retail_personalization_EB9322_512_dark.png,70915,69a0c93739f577836bbb79dce2d0b975068d8a030aa1833a55ef8e6f1fd02165
agents/png_512_dark/43_manufacturing_iot_F1A727_512_dark.png,72311,dbcb2d92aebda0201f07419e914e75887489188440981177c31f1f8c33b51aa6
agents/png_512_dark/44_sustainability_greenops_F6BA2B_512_dark.png,73095,99589bf98dc5e6e940993ebaa8c9137cd5a0eff9ca330a06a0f5220df788b029
agents/png_512_dark/45_privacy_trust_FBCE30_512_dark.png,73226,3b158ae8d38ccff209df88a973e1951c98eccc550c4265dc2078bb1434b3f872
agents/png_512_dark/46_research_scientist_FFE135_512_dark.png,72933,1faf22d736b67bf3237d87cdcb27aa1acf6472c8dcd0c1b74ec9b9c4d2823dc5
agents/png_512_dark/47_principal_architect_FFD030_512_dark.png,72800,37f603fe9c9078d6db716fb92b8b2fe6e4ec159ff9b0c95a65281d5f623fbd3c
agents/png_512_dark/48_executive_briefing_FFBE2B_512_dark.png,72373,4b8af6fbd2fa756665ffdea0ddecdff9db6f045fcc6c563628a46f80e09b42fe
agents/png_512_dark/49_agent_swarm_orchestrator_FFAC25_512_dark.png,71739,803a41b02ced335685781ef88000d84ba84fb36beff3c8d8f29a3e2d89a01e9a
agents/png_512_dark/50_red_team_adversary_FF9A20_512_dark.png,70157,425d1ed88426042ce9fc50ecb935f01d1310997d528a6bb236f1405f12dcbece
agents/png_512_dark/51_compliance_auditor_FF871A_512_dark.png,69425,6995ad80ee585e2715ce9bf55f66ebddcb2350bb7f1b93984c824baacd2a2659
agents/png_512_dark/52_education_learning_FF7214_512_dark.png,68376,31890adce8d8881f8fccaf12bf80297374cd7d45268ab1b048443ce722580ed2
agents/png_512_dark/53_legal_contracts_FF5B0E_512_dark.png,66625,64b2da481019f4f43c7e06e3f90cd77c1c10aba4a1a321b5257982d3562d28a4
agents/png_512_dark/54_marketing_growth_FF3F06_512_dark.png,64277,bcc5de45750612bba7fb864b9451c9ed537c27718398da0ca0ec670416881c02
agents/png_512_dark/55_sales_enablement_FF0800_512_dark.png,54724,f16c4f57d04f72d8de770ce5f71ff55dd3ae824479ba7258c0b883636256c88a
agents/png_512_dark/56_support_triage_FF4535_512_dark.png,68615,86a5ae401b8f0f0934895a650e9443ffdaa81e956caf175984cc7d130dec0119
agents/png_512_dark/57_observability_sre_FF6553_512_dark.png,70824,020cba2ee79f9abe3ea36d9e2675a3621b07212bf61b0218f715349a590b30a1
agents/png_512_dark/58_storage_scale_FF7E6D_512_dark.png,72274,a28cf60b5c7c1df822f43266c296ba6ac378ce3619168c29d39c2841ee4c1e8d
agents/png_512_dark/59_network_edge_FF9586_512_dark.png,73030,6123a7e78c7e34b90e9d9338be377d565491ef2bd94f7846d0b1849d7bb8f650
agents/png_512_dark/60_robotics_embodied_FFAB9E_512_dark.png,74249,b5729a1e18d0aca957b63996cd11e93c7c3aa8b186e149bb305620a1f4d75289
agents/png_512_dark/61_quantum_experiment_FFBFB6_512_dark.png,74282,8b4e0dc097dc440c8570e76f76791769540c0c87bf4080924a29b54cb6ce54b0
agents/png_512_dark/62_blockchain_decentralized_FFD4CE_512_dark.png,74326,6a6a72deb4da2253a9b09289ff3a4ade2e99dcff816f6c450be435405ffd9f5d
agents/png_512_dark/63_prompt_engineer_FBE7E7_512_dark.png,71797,759a05fa03d57527e008f0cc08ae820ad61e48fb3949233b768acc39e65a0c0d
agents/png_512_dark/64_graphite_reviewer_F4FBFF_512_dark.png,66843,577e797851228e4ef298946f82b4ddad2edea4f46e84417e3c892fab5cbc3b69
bindings/DarbotSwarmSolid64.cs,10649,8def6aaa613bcff6840852e4001e25f1460de0b846dba215e5e79938976f9f55
bindings/darbot_swarm_solid64.css,8515,3aaad6ce93ede98d6eed2ab6c650b32983793362688f3873e3c2dbceab08d3f6
bindings/darbot_swarm_solid64.gpl,2545,c647322d72dd4c49246b74ae29c24fc3b670e4ef8140b4363b9b2aeacd3445d1
bindings/darbot_swarm_solid64.powerfx.txt,15902,9598d918419e398a480e2b90ec4fc5258fe6703ece8f42952760832ccbd5b25d
bindings/darbot_swarm_solid64.ts,13958,d2ca76c6860cdfbc0fa828e11aeebce3932cba0a4914d04d648661de08f5228c
contact_sheets/darbot_swarm_solid64_agents_all.png,1706114,d2f29b75f6cc238d47662e1dc6ae1b31f3489a996f409f10db49970bd20ca78a
contact_sheets/darbot_swarm_solid64_palette_matrix.png,890714,d27f0a2f4120a7e425a74e7d24ec91b3bc86d1f5006d63afc9fa907672bded55
contact_sheets/darbot_swarm_solid64_tokens_all.png,1859170,ff01a7858735cb235e002d2203af3fd66f8becb77da7e1b3d8cccf787ecbdaf7
html/darbot_swarm_solid64_gallery.html,145744,440d8568f8bbaf344725a5b5f4f39f6b23b8b447be9cf21ddc0561cf8bd10b5c
manifest/darbot_swarm_agent_perspectives.schema.json,1314,a52d40db2dae0c5a834112d83e3fc93a97f3d8842d3ca2b8646eda5a6f0287f1
manifest/darbot_swarm_agent_perspectives.v2.csv,24932,d6dd97c75a0211f52314bc88c40211f7875b03dd93f2b9c0449b0d57e404f6b4
manifest/darbot_swarm_agent_perspectives.v2.json,192575,ae87b52b04ae0bc37467ef675d167c8bd48f9cac89d3ed6d87e89197ce124199
manifest/darbot_swarm_solid64.design-tokens.json,10248,9c8a688604b0e9e637f470975fa76cf179e4a096a3eabe84f5e447e5bc31bf5a
manifest/darbot_swarm_solid64.qa.json,970,8af798f559e427987be0560afc28727a79940a578733e5d6d59710d48ed8b43d
qa/darbot_token_source_lock_comparison.png,369534,2bf8cd512f392af7679ca9ddfd85ccf917031da1701bfe3ebac9bb68ff525b0d
source/darbot_full_logo_canonical_2048.png,2249671,c888224ba1bd3a961794f34896cd31fcb325d892b768abd2b64e76c0f314cc44
source/darbot_token_alpha_mask_2048.png,125569,85b34e4b08a648f642520d745a0834c0bd95ff807b4564d18f515501438fd133
source/darbot_token_canonical_2048_dark.png,1751034,2107b7a73e015a53b39f18be690f8a84a5610e2876826a9d781580ebee6f6948
source/darbot_token_canonical_2048_transparent.png,2213162,f177188e829b54313f6b502f6769aa9f6ab93bdf92a54ffd0b5e065d319858d2
source/darbot_token_currentcolor_exact_raster.svg,167938,c413c721ca7f9a3bd21470d955cd08a574373bd3b2b03c96b0a73e952706242a
source/darbot_token_exact_raster_export.svg,592645,962ecbe3aa1620558807b6ad5cc38e1139d5c1b0bdc1c0b1530dce04b72a13fd
tokens/png_1024_dark/01_azure_architect_00CFFF_1024_dark.png,104977,77673ba6d287bd5f119406bf83cba044b2a96cca5742abfd98c4cd691a3ca152
tokens/png_1024_dark/02_entra_identity_00C0F6_1024_dark.png,104732,d36bec96251096c823dc3dc465bc68b0df49c9170499b5f166bdd5be2b613959
tokens/png_1024_dark/03_teams_collaboration_00B0ED_1024_dark.png,104609,492bea480fde8b29e3a65cd3e140f6c08369a609f45bd92667ca8a758c8453a8
tokens/png_1024_dark/04_power_platform_maker_00A1E3_1024_dark.png,104315,c32ab13f6f5cb91c4857db932acdb1dbbc2c9eb9945708545d4fd1ec48cf88ce
tokens/png_1024_dark/05_power_apps_creator_0092DA_1024_dark.png,103936,650d8dc08e94e81aea0a9e7e86b78c74766a2eb942e244e517a3c701832a4cb2
tokens/png_1024_dark/06_power_automate_orchestrator_0083D1_1024_dark.png,102758,a13d4af67180eb048d8a4178b68e95063b13c4c60d8a763d3c68cabd9adefc84
tokens/png_1024_dark/07_power_bi_analyst_0074C7_1024_dark.png,102066,ac73e0b883c4ed05c8490eb1a65f8e2ce3819655162a4924fd70dd6967344bd0
tokens/png_1024_dark/08_power_pages_portal_0066BE_1024_dark.png,101372,d16698f07dc8cba1f97f06ee8ee2d064bda28c93a885acb189435abc5aa992ef
tokens/png_1024_dark/09_m365_strategist_0056B5_1024_dark.png,96138,cb8d6348323ffd5bd61c4cb457c8956991b712b980e9f6f67006184fb9d40f8c
tokens/png_1024_dark/10_copilot_studio_agent_builder_0047AB_1024_dark.png,93153,66ebf3f725fceb6c9aba499d882bef0363b553b384c5c95bda436aacdc70b93c
tokens/png_1024_dark/11_powerpoint_storyteller_394AB0_1024_dark.png,96461,51845f5d67b6f42a7e9040c9f5296f5703f477607bf1870fc012f3bb643fd3be
tokens/png_1024_dark/12_excel_modeler_574BB4_1024_dark.png,101888,e8b42ae044f138c9266046a72b8f574696f385522b909c8871a231bef0c5156f
tokens/png_1024_dark/13_word_writer_714CB9_1024_dark.png,107058,5770eae215848652ed88623253285f726cb62b9f73419ca810745c840cb61d7f
tokens/png_1024_dark/14_outlook_communicator_894ABE_1024_dark.png,108269,dea7e59f5bb23dd93254389e519f378772d782ce263096f79dfbe8e544d2be31
tokens/png_1024_dark/15_sharepoint_knowledge_A147C2_1024_dark.png,105676,4ca2d9a641e4d820ff7c001d553feb7fbaea0b65e477efd0eca28642477e3743
tokens/png_1024_dark/16_onedrive_sync_B942C7_1024_dark.png,105017,7c62a577f48c11b2bf31eceeedeb7917ffaa282e87788e026a1160f71389cb75
tokens/png_1024_dark/17_edge_browser_D039CB_1024_dark.png,107987,d2c93997b998b50b9890d6f44642f9cd4ef825fee5155ee01f6d2bae88cdf219
tokens/png_1024_dark/18_windows_os_E72AD0_1024_dark.png,106430,e31a8119ae278c8c3be08923f5113acc38c708ceff83a16f770ee1b68866f893
tokens/png_1024_dark/19_dataverse_modeler_FF00D4_1024_dark.png,104973,2be6accec8cc8e873c936862c990a1557b268293413b0d87d0d9222ab4d55207
tokens/png_1024_dark/20_fabric_data_engineer_FE24C4_1024_dark.png,105330,8a8dd8a2649ec6dcf308de5db37a5e5324980c1f6a5a03c15cbc79867956121c
tokens/png_1024_dark/21_azure_ai_foundry_FE34B4_1024_dark.png,107059,b272060bf4653b1be9e3b329fddf07bdecf6e1fc6857c0d1af0088e9740d457a
tokens/png_1024_dark/22_apim_integration_FE3EA3_1024_dark.png,108441,1af3d2a8a0c8b50b0555d3364ccc5704478421df7c4d3854108a73d6e8bcfe4b
tokens/png_1024_dark/23_designer_creator_FE4692_1024_dark.png,108151,068451d36ac4d5c7730996eefea79573d67634280274a230cdfa762515ab4037
tokens/png_1024_dark/24_github_engineer_FE4C80_1024_dark.png,107806,4298ecc25298bb247dc11b6e1976c5844be4e40f41623985da6172883797a366
tokens/png_1024_dark/25_vscode_developer_FE516D_1024_dark.png,104510,14989dbc4efb905bc7ff852ffffbd407a371f6f543b85abb917fdf858e876dad
tokens/png_1024_dark/26_devops_release_FE5557_1024_dark.png,103327,85b9d2f884d74456b0211e2e16f5a5e61a6ed3bf2a79034d0fa96053719147de
tokens/png_1024_dark/27_aks_platform_FF583C_1024_dark.png,102821,c75b3f89595cb4d0bac959e93ae3239fd5ae1215bb1613823585edc83ddb80db
tokens/png_1024_dark/28_functions_serverless_FF5A00_1024_dark.png,120452,040c16ff59f8fb0b1759a8171536d9fe7d2973ddb26a5ef6d4abcddd599edb2c
tokens/png_1024_dark/29_cosmosdb_global_F85402_1024_dark.png,119753,01e4a4e0d60c4a4cac024dfd8566a579b22235e2c53e82541a6028fe53d44fa2
tokens/png_1024_dark/30_sql_database_F24E04_1024_dark.png,120179,39659a77a20dfe3cd56e14549f4ad410bea08306949f82d15bf3ae4434bad9f9
tokens/png_1024_dark/31_graph_connector_EC4705_1024_dark.png,117192,00587120e908e3f1a59c13a10dfbeaa45944d59c52da96fdf3ef978ba2bdf465
tokens/png_1024_dark/32_defender_security_E54107_1024_dark.png,116109,4225f5353376b56287746db22d2c39081cc5ec8bb8cedab81ebeecc15b6bd6b6
tokens/png_1024_dark/33_sentinel_soc_DF3A08_1024_dark.png,113021,1cad442f78bfa7378aaeb210d971e51093d9ff4e77245bb597fcba90e67134df
tokens/png_1024_dark/34_purview_governance_D83309_1024_dark.png,112556,e42e37d273abade2acb5ed6ee69f83830cb5b3402d0aaf4c05c6ecc1b732fc7b
tokens/png_1024_dark/35_intune_endpoint_D22C0A_1024_dark.png,111062,4703da09c6ba2235ef73b006f9a355c57cda23452224ed3ec43f62a72107c0b9
tokens/png_1024_dark/36_viva_employee_experience_CB230A_1024_dark.png,111386,2c8ca7081770cc1639446990c61d2193e101a3ec5464d67f2b5aaee1a4d58d7b
tokens/png_1024_dark/37_loop_workflows_C51A0B_1024_dark.png,109346,1b5d3de5ceee25c1c34c6a4c8d48bdae6568087d1ee310c607f91d050f1da16f
tokens/png_1024_dark/38_planner_coordination_CE3C10_1024_dark.png,117463,0d616609f674ac03511ddfe92ed070733ec6e008e4368f3b4c4fcbb3e35af701
tokens/png_1024_dark/39_dynamics_customer_D65514_1024_dark.png,112254,1183e8fa3770cfc7338ab64a1d8fa44b3e0f5f954891482c3024230aa3c9988f
tokens/png_1024_dark/40_finance_ops_DE6B19_1024_dark.png,113261,da037c453f703d3c321fae678d770db129c9e0a3e78bae185e517593108fd9db
tokens/png_1024_dark/41_healthcare_clinical_E57F1D_1024_dark.png,120187,9ed69ceb19e287f9d4ede3f70d8fc5646dcf6c7ac93f303090502d1386779448
tokens/png_1024_dark/42_retail_personalization_EB9322_1024_dark.png,117776,16dbde0c0ec5bcb5674b68f57581cdbdee143e45c1c039f8ae58fa52f7e8246c
tokens/png_1024_dark/43_manufacturing_iot_F1A727_1024_dark.png,121928,04dc76a69f9f7996c0d938f3a09f769fb659798b39370ba06137d2cdea54f3e9
tokens/png_1024_dark/44_sustainability_greenops_F6BA2B_1024_dark.png,122122,ab30dd7145754ce2611e25d6b3eb73bb826e764fa49f61894b749d062b1432e5
tokens/png_1024_dark/45_privacy_trust_FBCE30_1024_dark.png,122351,87eee78d8ed4ad909dfcc762d9753682eec1709f4a544f9d1d84a1e8268fd552
tokens/png_1024_dark/46_research_scientist_FFE135_1024_dark.png,123343,7f0d567f58ff591c331afc0e34a902a64dbc7ef02d1f4795fa59722e3a087974
tokens/png_1024_dark/47_principal_architect_FFD030_1024_dark.png,123078,7dadee5f1896763b7d7405f3f039c27fa64c65004194d7367647b1df1ff4ff8b
tokens/png_1024_dark/48_executive_briefing_FFBE2B_1024_dark.png,122137,8856fa8fa3e02e47c1fd3fd7c80dee0ea9ebfca5640de35ea48d7b90976ff014
tokens/png_1024_dark/49_agent_swarm_orchestrator_FFAC25_1024_dark.png,121416,edb6ea360d73e793c4017b76ca17d47b45c3cb4f9447f211e6de2ae8cfd985ac
tokens/png_1024_dark/50_red_team_adversary_FF9A20_1024_dark.png,120809,6a4e343c1a045fa969a21ec5ce763df636aa2032b439b30a06de408133a0b1b2
tokens/png_1024_dark/51_compliance_auditor_FF871A_1024_dark.png,119179,41df3a33f078d5e1c2ae480df887bd03cc8f3529f9d40054e5bb4650213268a7
tokens/png_1024_dark/52_education_learning_FF7214_1024_dark.png,118288,8266d9c0d9289bb4f07b486decbbf463480c27b37b4355dd0edac082fb9edcbe
tokens/png_1024_dark/53_legal_contracts_FF5B0E_1024_dark.png,119184,af1bc1e106988b732855f58b836a0b282ef4a4516b70fc035425e71d858efa65
tokens/png_1024_dark/54_marketing_growth_FF3F06_1024_dark.png,119754,5ddaa901f1e6fda657a29208936ed126447821e2b6adab27bc2491ff504685a9
tokens/png_1024_dark/55_sales_enablement_FF0800_1024_dark.png,115055,4606b70c5eed496992722e769ab023c9ddec4712e3e13a7f9f73aeb336df454d
tokens/png_1024_dark/56_support_triage_FF4535_1024_dark.png,120520,048ac0660ce8e1872394445648a182ee641d5311ac93802cc25e9ac8ccbcdb0b
tokens/png_1024_dark/57_observability_sre_FF6553_1024_dark.png,124021,b5065132f396583ca9888116e621d401832b5c52531b7ffcd8a2c68d315a1afc
tokens/png_1024_dark/58_storage_scale_FF7E6D_1024_dark.png,124138,0cab771e9c5c9e3539c4207ec975791018e0442ffc8bf1839946f0f8a22c4687
tokens/png_1024_dark/59_network_edge_FF9586_1024_dark.png,124898,9e8f8b059b58e6277b8d4b12a4966f6f71e448c0f305ce21f0be33414c4b2638
tokens/png_1024_dark/60_robotics_embodied_FFAB9E_1024_dark.png,125348,d78599a8097bf13fedab752a37884904873212d5ecd000ffabe68b68e4bb51ea
tokens/png_1024_dark/61_quantum_experiment_FFBFB6_1024_dark.png,125225,4c465d7e368357a3a99dc3dbb9a59c47d61ca08383c44abd4a1aeb24f38e8e39
tokens/png_1024_dark/62_blockchain_decentralized_FFD4CE_1024_dark.png,127430,0ea35dbe12b8cff5f5e309ab283c6fb64704e031d0c65ddd79ffa0e17b00d69c
tokens/png_1024_dark/63_prompt_engineer_FBE7E7_1024_dark.png,126819,43cf111852d1364facb65cb88262bf05623e37b79ca462c718930d5ceee7369e
tokens/png_1024_dark/64_graphite_reviewer_F4FBFF_1024_dark.png,123529,fd8c749c1183c6a571c6c4ce3a69616ce221f88291a5525a6c24a33dcc3693fe
tokens/png_1024_transparent/01_azure_architect_00CFFF_1024_transparent.png,86436,1eb5b71a721fbd1e57d6a57d3c1ec580dff60c700a9d70a48dac3c53fb87915c
tokens/png_1024_transparent/02_entra_identity_00C0F6_1024_transparent.png,86629,0e26beb6d4bedabaccca71130d2e1ea1c42e4d8f67cd73c6b726109dff360fbe
tokens/png_1024_transparent/03_teams_collaboration_00B0ED_1024_transparent.png,86707,12c49a4a84c0bc033fa7a28025c551627003a878e31d9611059e34558d0bff95
tokens/png_1024_transparent/04_power_platform_maker_00A1E3_1024_transparent.png,86701,191a88f69fc85e12923af63d1f4973963aaca4ac29179d8b03067832e934b80d
tokens/png_1024_transparent/05_power_apps_creator_0092DA_1024_transparent.png,86744,c188c66e19d9a011102ad29b4f3be692aea2ad7226b6e5a871f353a178eb12ef
tokens/png_1024_transparent/06_power_automate_orchestrator_0083D1_1024_transparent.png,86861,5a9d188a5a7e657df51be9d1b0baa3556a378275b70bcb32609bb0e5b6e0dbea
tokens/png_1024_transparent/07_power_bi_analyst_0074C7_1024_transparent.png,86844,229538eccc312ac0d60b364bfbc415c378f386eca8ccd8ad9906514f1cc4dc5d
tokens/png_1024_transparent/08_power_pages_portal_0066BE_1024_transparent.png,86814,36d4b7e32a06dab01f9d3a6dc54f6a19d96998e0dae823ecf96eef8a74ecb69f
tokens/png_1024_transparent/09_m365_strategist_0056B5_1024_transparent.png,86789,777f98509b5d5771d8f16ea5b5ce5da43b07a2a1cddff38a909cdf9aa2d8c1c8
tokens/png_1024_transparent/10_copilot_studio_agent_builder_0047AB_1024_transparent.png,86785,b96afd71d2a3a0c565096142707e34187d72b4a8654ff40ab0af6e71b9fef2d7
tokens/png_1024_transparent/11_powerpoint_storyteller_394AB0_1024_transparent.png,86924,f7e1d29d22ed6fc974f97cd584d957b5f5580b7bf95168181de600ffd41c4c21
tokens/png_1024_transparent/12_excel_modeler_574BB4_1024_transparent.png,86962,4e7ac8e7e543b46f8349e3a303d7cac67a822924b8f5b25ee107e9be4b972c7d
tokens/png_1024_transparent/13_word_writer_714CB9_1024_transparent.png,86966,102e8f80edce4517e5f168e8f3dc67b927a22d72d3271c139f3329610d65d9b2
tokens/png_1024_transparent/14_outlook_communicator_894ABE_1024_transparent.png,86985,175f5d9593871e7ee8d4a35db3cd8ff1c11d8b7d5bc774adee9defde72517a96
tokens/png_1024_transparent/15_sharepoint_knowledge_A147C2_1024_transparent.png,86946,6acc6fad433589e25f333f15752dbf588843a90a33bb8edf683225f1ab215258
tokens/png_1024_transparent/16_onedrive_sync_B942C7_1024_transparent.png,86916,4d68740abee915aeb73e77bed447c9d23c8dff7a91d6d2f55058a2ee4a7da103
tokens/png_1024_transparent/17_edge_browser_D039CB_1024_transparent.png,86789,182ff57a78e3959b27e882c8f949c4defbcfcc294a3ec6f5f502ac47f1b3cddd
tokens/png_1024_transparent/18_windows_os_E72AD0_1024_transparent.png,86699,ad5ab02f49e22ee3f3dc55a4170fa1c4702c830b7fba7ad2b440cbf9219f9121
tokens/png_1024_transparent/19_dataverse_modeler_FF00D4_1024_transparent.png,86448,1c734cc5c7a07cde2233d756e2d38288d2a1e5b65e701b23092be432dd17f4ec
tokens/png_1024_transparent/20_fabric_data_engineer_FE24C4_1024_transparent.png,86710,55bc140e4662ad959aba3eeded313d5a7552c15ba90d7917025712370613703c
tokens/png_1024_transparent/21_azure_ai_foundry_FE34B4_1024_transparent.png,86736,524893a679a1bcf1f2832ae63eac0017cbfccef556a4e81fdbf663d82b83bc27
tokens/png_1024_transparent/22_apim_integration_FE3EA3_1024_transparent.png,86782,6957384f3d6451dc39a1c7e6c046774833d5612a006961164308ff16f1cabb24
tokens/png_1024_transparent/23_designer_creator_FE4692_1024_transparent.png,86861,07b5a49bdb154f4900b650995efae37a1c4e66f686900c95f9ae3c5599f22847
tokens/png_1024_transparent/24_github_engineer_FE4C80_1024_transparent.png,86901,84ee7df6d251e5f34e39834825daa63339cf6b57efb17cb150f7320bcb2bf52e
tokens/png_1024_transparent/25_vscode_developer_FE516D_1024_transparent.png,86893,568bca5d22a10f2cb2f5c6c2920712c9df67c0c2b460453960e39cae6eaa60dd
tokens/png_1024_transparent/26_devops_release_FE5557_1024_transparent.png,86868,023f6dbbf919c37a0fb346522539bb82297f472301690b8614952aaacce63ab9
tokens/png_1024_transparent/27_aks_platform_FF583C_1024_transparent.png,86769,e0dc979584ad11370f992fac97674c51fb9baefcaf88d4cd95be03f8935caf6d
tokens/png_1024_transparent/28_functions_serverless_FF5A00_1024_transparent.png,120843,bff57d4f5701a1604eef68395cf6401065a8ab7796a15dc92b8956e1d702d0be
tokens/png_1024_transparent/29_cosmosdb_global_F85402_1024_transparent.png,120870,9d68c25761c6bdca47309eac1895ff01747edd3eaf493aef4b8ceb4d51f2f853
tokens/png_1024_transparent/30_sql_database_F24E04_1024_transparent.png,120887,3e226314cb12c1782232cd1829e94fd38fed817a10415dd9ab3f2898263f4450
tokens/png_1024_transparent/31_graph_connector_EC4705_1024_transparent.png,120890,17bb0c6594f7bceb5fb76ca59894e1f67366aa2a97cc4d03e2724ba8e2c438b4
tokens/png_1024_transparent/32_defender_security_E54107_1024_transparent.png,120908,545bdd41df48b2265938abb2109d6ad52d4fea7191d54123866e1794ff97e1f2
tokens/png_1024_transparent/33_sentinel_soc_DF3A08_1024_transparent.png,120894,584f379a7dc53a390e619c63dc4e7b2ea5c93a548b34878a69f49f115face4fd
tokens/png_1024_transparent/34_purview_governance_D83309_1024_transparent.png,120922,720b7fcdaa2ac9dbc34c90b05ad6b4134cfe0deb52408180ce61fc098b631278
tokens/png_1024_transparent/35_intune_endpoint_D22C0A_1024_transparent.png,120922,8f3dab4d571c480df0ccdcbb3d163f576c8236cbd3f3ece6fb7c13986ae1b1c6
tokens/png_1024_transparent/36_viva_employee_experience_CB230A_1024_transparent.png,120908,510b810e47558638a4bdb146b227b4186ad8fce526401af95a1344fef78396cc
tokens/png_1024_transparent/37_loop_workflows_C51A0B_1024_transparent.png,120875,da0fe5190ec3ed387d8434eef033590104aa642fab74a0a42aecd298b89725b2
tokens/png_1024_transparent/38_planner_coordination_CE3C10_1024_transparent.png,120942,4284abdf2525fe31b0cb4f3b843db7c154b730163d74952b38ddd2031435d84e
tokens/png_1024_transparent/39_dynamics_customer_D65514_1024_transparent.png,120991,77a97d63b469ca80d14a89f70a49e0bda0bfb854dec57dc1fbf8a0473d69c290
tokens/png_1024_transparent/40_finance_ops_DE6B19_1024_transparent.png,121084,b3332b06c3864e0a59de09b5365ac0111aa3e55cad76d07d802159249b443743
tokens/png_1024_transparent/41_healthcare_clinical_E57F1D_1024_transparent.png,121155,255b730ee8186bfb372ac5dcf6f840abe053ca83cb218e8ec9b5ab8890c7f41b
tokens/png_1024_transparent/42_retail_personalization_EB9322_1024_transparent.png,121087,faef90b686233c15e6a5eb55d64dd051da5f94ba57cad31f933ffead8b566ce3
tokens/png_1024_transparent/43_manufacturing_iot_F1A727_1024_transparent.png,120993,002cd10ded4cc6e05765aa1693bc2bc4aa5df0da7a1c1384f86812cc5cf127a2
tokens/png_1024_transparent/44_sustainability_greenops_F6BA2B_1024_transparent.png,120974,4baf494daf3911988c2b4f277e4bfa8ef103a4cea1f4d33adfab72ff1823c8e6
tokens/png_1024_transparent/45_privacy_trust_FBCE30_1024_transparent.png,120900,2a81e2b25fa41d9f4787b2f57d254ed3cc0acede11db2d95b6781610fd98692f
tokens/png_1024_transparent/46_research_scientist_FFE135_1024_transparent.png,120847,ce5b016edca5c3d1e100098994b67d0c7162db5865d124a3f7bc33f7466a1f4e
tokens/png_1024_transparent/47_principal_architect_FFD030_1024_transparent.png,120931,737537f6911ab7f9eac5769a50501b89296f1374942216cc8e800267c87b194d
tokens/png_1024_transparent/48_executive_briefing_FFBE2B_1024_transparent.png,120923,e6ad2a772a48dd09b7f15538681a26e972d67032861c1444615b1c2669ca3ba6
tokens/png_1024_transparent/49_agent_swarm_orchestrator_FFAC25_1024_transparent.png,120947,ba9304b5722d13410f2e834021ba1ddd86444091b70e3465108c1104139babaf
tokens/png_1024_transparent/50_red_team_adversary_FF9A20_1024_transparent.png,121022,1ef1dd3e6dae926f536850baa605c6790a1dc91939a856cef308836f3f2dce1e
tokens/png_1024_transparent/51_compliance_auditor_FF871A_1024_transparent.png,121015,7465a984c8de5abbdbeb74eaaf25d1ba8a40c296659868a58336fde74ef2a66c
tokens/png_1024_transparent/52_education_learning_FF7214_1024_transparent.png,121011,445ed0f4302c0e81ab2bd23f83ffae8cc96133aa126456d96e448d9199559205
tokens/png_1024_transparent/53_legal_contracts_FF5B0E_1024_transparent.png,120913,6f361933842d9c998d0693425ebcff11e91202bfe2ed05d3a1491b528b29bf76
tokens/png_1024_transparent/54_marketing_growth_FF3F06_1024_transparent.png,120803,375526f2f24f1b663d52d58fc10fa4ab2f5f6d2f2f04c6ae063a0d6edb2fdc74
tokens/png_1024_transparent/55_sales_enablement_FF0800_1024_transparent.png,120463,155c94f64626fae2712c412ffc64a72c4a34a7d96be78153c3fe432d7b03fac7
tokens/png_1024_transparent/56_support_triage_FF4535_1024_transparent.png,120971,a3aeb6c941efe119a78a11c8119840292640eabf7abb5eb644663f05d099bbc4
tokens/png_1024_transparent/57_observability_sre_FF6553_1024_transparent.png,121186,c2948e91d9ae2bd01e36d2a77e55c131c3bd54e47cd5143b3b07e8b12f29f7f6
tokens/png_1024_transparent/58_storage_scale_FF7E6D_1024_transparent.png,121242,e5e21ac769e073c23690803805bf661c29151396659678f7b1dc92823162b75f
tokens/png_1024_transparent/59_network_edge_FF9586_1024_transparent.png,121201,31b88cb644c5d06a7c742e268541b95db6e71f59761cb795d130175c62f740df
tokens/png_1024_transparent/60_robotics_embodied_FFAB9E_1024_transparent.png,121165,61a6578b21b77f703f9803252aec21e3ac19440150e7aa81677635698c5aa240
tokens/png_1024_transparent/61_quantum_experiment_FFBFB6_1024_transparent.png,121033,3f79d1597670e3b78f1653903013b11d1d96d2f664957301af111999f359c5be
tokens/png_1024_transparent/62_blockchain_decentralized_FFD4CE_1024_transparent.png,120913,d372f659a3738e48a47f48ec2b6f99bd7544a573f45e6c825cd8f52efad8a780
tokens/png_1024_transparent/63_prompt_engineer_FBE7E7_1024_transparent.png,120634,512f86d07f3dc7643b0c91a1862196fa0c6e74525f8d352f318ae4e8428d310b
tokens/png_1024_transparent/64_graphite_reviewer_F4FBFF_1024_transparent.png,120459,21d61acdb40035bf6b776881eceba94ac9621f018e3a9b8526b7fa203bc9ce63
tokens/png_2048_transparent/01_azure_architect_00CFFF_2048_transparent.png,206547,2d6e723ff51dcacc1e19e71518e3f015afaaa72421faf30313ff33057dbbe6d8
tokens/png_2048_transparent/02_entra_identity_00C0F6_2048_transparent.png,206739,9d25236c96500467d20d23163062f296275b7b08e0aebe80b2411ff24b27906a
tokens/png_2048_transparent/03_teams_collaboration_00B0ED_2048_transparent.png,206933,84c70cdd5e46f5f07473aa8faf8fe851000f500e74a9dba6ff8c28799d06fed6
tokens/png_2048_transparent/04_power_platform_maker_00A1E3_2048_transparent.png,207250,257116a07157a446474c5c008c18c349bbfdc4662ac1852bee6c48ffee2934ae
tokens/png_2048_transparent/05_power_apps_creator_0092DA_2048_transparent.png,207443,f8fb189f59854e44ca48d64c5571e67aa534d47d38f7d05944d9fb04c60e8c9f
tokens/png_2048_transparent/06_power_automate_orchestrator_0083D1_2048_transparent.png,207648,8793a90306eac920cd5252a9e041e08c08d7eb1ce41129a3205ece6cf3de604a
tokens/png_2048_transparent/07_power_bi_analyst_0074C7_2048_transparent.png,207635,11dc0c93f7c90f03954d3d5ced38993ddf1275c232d145b1a4064ed6282e53fc
tokens/png_2048_transparent/08_power_pages_portal_0066BE_2048_transparent.png,207631,360087cb22379986a4c7c63e0c4940f70cfb67ccefdada61b257e703743860ed
tokens/png_2048_transparent/09_m365_strategist_0056B5_2048_transparent.png,207570,7ae70d7e0b136f67d3d8dda86fc28ee1b7faefac59e5568d797a099ba02b3806
tokens/png_2048_transparent/10_copilot_studio_agent_builder_0047AB_2048_transparent.png,207537,bb72925dfc6d66b46863db3afc7944479134cd434046f815b028c1fc7fc84b8d
tokens/png_2048_transparent/11_powerpoint_storyteller_394AB0_2048_transparent.png,207817,d7858abdae92f369c4f10db83f8c4370ec9e289cbd094aa0436a01a5901dc944
tokens/png_2048_transparent/12_excel_modeler_574BB4_2048_transparent.png,207900,bc28e5d2baecb10a28f121729938bc79649243c3322ff339f84244af9ea775fb
tokens/png_2048_transparent/13_word_writer_714CB9_2048_transparent.png,207940,aa52a2f12bace11cc0232af0a5d0ceb2cfc9c78ad8c80d15555695b5585542ad
tokens/png_2048_transparent/14_outlook_communicator_894ABE_2048_transparent.png,207961,daae9af3e0c6cf1040ebd80e3c40fe9a8343fa91ea48099e22140afc2d350d3e
tokens/png_2048_transparent/15_sharepoint_knowledge_A147C2_2048_transparent.png,207861,9e1ffb5dfbc869649d4c0358d40abd49a18b5b8d5d4d46e22ba7168edb8bca61
tokens/png_2048_transparent/16_onedrive_sync_B942C7_2048_transparent.png,207758,0414fdded6538e0e59b7cf1a9b3cdb38e63b7d7b13ad213ceff0cecc2fcb642d
tokens/png_2048_transparent/17_edge_browser_D039CB_2048_transparent.png,207582,e7302c74393006477be90fae9cef48b35130ff87e986a08cbde6aa767d10aa3e
tokens/png_2048_transparent/18_windows_os_E72AD0_2048_transparent.png,207125,ee0843606d0d6d2e53caa7a5a2fd4fbd819ea8393c54ec8975af24fab835bd2f
tokens/png_2048_transparent/19_dataverse_modeler_FF00D4_2048_transparent.png,206490,7314518dd49e0e0723502a81669e55881e88c702742dcab1501daccd345b9bec
tokens/png_2048_transparent/20_fabric_data_engineer_FE24C4_2048_transparent.png,206938,c2c2595c590baf913dcdf375f6dfc3a114503df57d4a2d65c0fe5ddf50adc2d1
tokens/png_2048_transparent/21_azure_ai_foundry_FE34B4_2048_transparent.png,207339,df30cb7b6f74f6167b7869a86e5431b8c3aef3974361521fe6c7fa9be2a2675b
tokens/png_2048_transparent/22_apim_integration_FE3EA3_2048_transparent.png,207561,d21d7bf3f78c6298baa6771822d412f15e6151541a697c476f97bedfb828364f
tokens/png_2048_transparent/23_designer_creator_FE4692_2048_transparent.png,207695,f9f7da9d0806898e4e4229b44338b4ab132fae2f33c2edbdd19e32035ef5ffcb
tokens/png_2048_transparent/24_github_engineer_FE4C80_2048_transparent.png,207790,8ffbc0e4694b758e54363a53098de02a31ce983eeaff4256271475a64f7536f5
tokens/png_2048_transparent/25_vscode_developer_FE516D_2048_transparent.png,207740,8c51b832a1bf620ecef1aecdd98e3824db661d8f0dfacae3349c49acb982b62f
tokens/png_2048_transparent/26_devops_release_FE5557_2048_transparent.png,207671,58678c01c3b8d3608113671e9e98fb236e88228ca86cdc77c82d04b7d9b1d0de
tokens/png_2048_transparent/27_aks_platform_FF583C_2048_transparent.png,207482,a13a4d988760d601622c47d03363acd6a34c8f89666f9c4e4e742767e33fba8d
tokens/png_2048_transparent/28_functions_serverless_FF5A00_2048_transparent.png,311066,907d52c168d192074c62ca45eb27137a2145db5e66af3aa4c69a993b275afe2d
tokens/png_2048_transparent/29_cosmosdb_global_F85402_2048_transparent.png,311143,45f05e29c9b0173578c93c6bc74ff8c1032d99e0ccd529ca522023bbe90f0163
tokens/png_2048_transparent/30_sql_database_F24E04_2048_transparent.png,311125,985ac3c6c483f3e18316093c58f73f152995a7ae5ffd2a56a8e04b4dff1f96e6
tokens/png_2048_transparent/31_graph_connector_EC4705_2048_transparent.png,311129,f2a6a592a1245b23a2b87124f9cbd49de2696dc6ed0dcb81308d8821d4e46a13
tokens/png_2048_transparent/32_defender_security_E54107_2048_transparent.png,311158,71c7303c20aeb4b6114c53bebc865a7fb7fe56551111f20aeced763048597f3a
tokens/png_2048_transparent/33_sentinel_soc_DF3A08_2048_transparent.png,311127,a64e2c32f534bf3b2e051d916e94b72081dfe639f1e723d2c9de8f9c4c22b59d
tokens/png_2048_transparent/34_purview_governance_D83309_2048_transparent.png,311177,b64540adc5978aa4f6d6c641fd5ba37bb87b31b2dfbc7535470dd551345ef958
tokens/png_2048_transparent/35_intune_endpoint_D22C0A_2048_transparent.png,311188,b66c4c8f7e1fc18d5ada16db0526104503f8d52e5332c680247476ec893baf04
tokens/png_2048_transparent/36_viva_employee_experience_CB230A_2048_transparent.png,311154,23e52b50c1dd125cdf705b72b98c9677fa710a14f7c44c6cdcc55021a10eb0f5
tokens/png_2048_transparent/37_loop_workflows_C51A0B_2048_transparent.png,311130,9bd21600f9a04fed10f34e45ffcf473bcd0dec7d5550618b7882d00166f96b0d
tokens/png_2048_transparent/38_planner_coordination_CE3C10_2048_transparent.png,311533,b09abe574c2eb465dc3e0ca4c1bec702aa7097e0fa65cb39607489ff47ebd459
tokens/png_2048_transparent/39_dynamics_customer_D65514_2048_transparent.png,311761,9f3a0cf942fcf90faf3b6f15c4b15e860373262ea37366b0687ba760eab0039f
tokens/png_2048_transparent/40_finance_ops_DE6B19_2048_transparent.png,311990,0ed70c2a1ecd3b405842ac9d008ec9727949c9a994f693ac8a397599abc17fd2
tokens/png_2048_transparent/41_healthcare_clinical_E57F1D_2048_transparent.png,312040,3eb972062bfb94c6f0d4988f1a069c128ef33e7a194f5ac2b856919dc4d40285
tokens/png_2048_transparent/42_retail_personalization_EB9322_2048_transparent.png,311949,6f0598515b430363b73be153363e573b10541b76cb307cc6236892da1618d84e
tokens/png_2048_transparent/43_manufacturing_iot_F1A727_2048_transparent.png,311709,b2109d3651e5ba8540a54ebd58c757d0fda1a3dbecbbda9f12eedb46c31c9740
tokens/png_2048_transparent/44_sustainability_greenops_F6BA2B_2048_transparent.png,311496,37d83736f6699bc44a3f901d3cc8215cea2046d5a181c6932244f327810a9e7a
tokens/png_2048_transparent/45_privacy_trust_FBCE30_2048_transparent.png,311234,d5e42db3881b561c4cfd7ba1c9ba48c1d60dd08a7492c1826f981e7b2da3d1f8
tokens/png_2048_transparent/46_research_scientist_FFE135_2048_transparent.png,311054,9184a739c9a3f21afb588ed900ebb1655c752409463707fcfb1468db4fdc6e7a
tokens/png_2048_transparent/47_principal_architect_FFD030_2048_transparent.png,311175,3555c6c58f5b6b820c938f58b294895b963681bdca6f704616ad9a17edb2f683
tokens/png_2048_transparent/48_executive_briefing_FFBE2B_2048_transparent.png,311345,49da2720d7910c1bed8ea0c6f7d25008bdeb01da98af12a9dba07999fc644537
tokens/png_2048_transparent/49_agent_swarm_orchestrator_FFAC25_2048_transparent.png,311511,ccf29245c8bf49f6603ecf6470cbe7ebed0f8a31be3b338f80f368fe33106fc2
tokens/png_2048_transparent/50_red_team_adversary_FF9A20_2048_transparent.png,311691,8bb929a11edeb13fa5adb96d5ae37541d3ed2d4d5a960327519319adc363a677
tokens/png_2048_transparent/51_compliance_auditor_FF871A_2048_transparent.png,311763,9911c2238a69ef2fc2508cbe4ecf961f069cea5866a0a7ceb26c2e1356ca787b
tokens/png_2048_transparent/52_education_learning_FF7214_2048_transparent.png,311675,7ea1849823578cc0dc4dfe10646f65a40d5a282fd8986cbc2c7ae7799a2f1cb6
tokens/png_2048_transparent/53_legal_contracts_FF5B0E_2048_transparent.png,311289,8fd34fdac47a5451db8236269f360555a83a6ea75692c21430775d12adaf3f7e
tokens/png_2048_transparent/54_marketing_growth_FF3F06_2048_transparent.png,310956,e2ac422c3a50a9625fe39bb2abb3c93c7bb497daa02d4f3857a2c48b1457430a
tokens/png_2048_transparent/55_sales_enablement_FF0800_2048_transparent.png,310169,1b0e73ecfc84e5c8ae02cc5a454c583d10e0f37c6ccf15096a2a2f6a84fc8e41
tokens/png_2048_transparent/56_support_triage_FF4535_2048_transparent.png,311504,f72575ab8f63fcb50b018d393155dba8ef02da26bc04dd1fa78875894b52cc0d
tokens/png_2048_transparent/57_observability_sre_FF6553_2048_transparent.png,312041,da1546a1e9c27b87486e79d5a066d0a082336f8f4f1f657349b923caa93ee620
tokens/png_2048_transparent/58_storage_scale_FF7E6D_2048_transparent.png,312201,0c0a8138d6808b804a874c71d56082635085a5665c1c82dfbc95d7102711bb70
tokens/png_2048_transparent/59_network_edge_FF9586_2048_transparent.png,312160,a41045b5929f6f407c9990ac9e75739cb2ee68d9759a1d388468e9e8c30ddc78
tokens/png_2048_transparent/60_robotics_embodied_FFAB9E_2048_transparent.png,312053,6d2d0754697ac62368fc42f5f5b29531cfb728f55ee8648ecb3a23ae2ae73d4c
tokens/png_2048_transparent/61_quantum_experiment_FFBFB6_2048_transparent.png,311699,861d9221f19bcd5203a51616fe6842a0397e24e0e4ebf4e683c85b641b0eac5a
tokens/png_2048_transparent/62_blockchain_decentralized_FFD4CE_2048_transparent.png,311163,15e25c4953e0c21daab9add0236c6cc1936000870a375fb3a198ebd41959fb9e
tokens/png_2048_transparent/63_prompt_engineer_FBE7E7_2048_transparent.png,310916,526e4520d84ff6460f096902d67cda943b1bc7123e05a607d79f8c5e74c7e420
tokens/png_2048_transparent/64_graphite_reviewer_F4FBFF_2048_transparent.png,310291,0a48cc8cf38a770b588bc73f6a4cd3a52ec254a4b51825cc5a8c1bc40347aa32
tokens/png_256_transparent/01_azure_architect_00CFFF_256_transparent.png,18216,433dc1a297d1cc357dcef57f2a722cb979de3c646a3d76e02a4a5edaf49e32e7
tokens/png_256_transparent/02_entra_identity_00C0F6_256_transparent.png,18214,550b48b13b06b06b3dcbf723ac817c620f6876fc4035697131f2e58bfa9fbccf
tokens/png_256_transparent/03_teams_collaboration_00B0ED_256_transparent.png,18179,c9526e8b6c296d7037de9f66e13c08a84bf6d4f4e10a967d9cd0cfb5d82fc8d1
tokens/png_256_transparent/04_power_platform_maker_00A1E3_256_transparent.png,18177,66bbff5e1595960544ad11705e9d7c915df393db26904665de1b1952f865604e
tokens/png_256_transparent/05_power_apps_creator_0092DA_256_transparent.png,18182,29ea407e06532b013d229ed0cd0a03d80f8defb89bf914f8f9678d8e67900093
tokens/png_256_transparent/06_power_automate_orchestrator_0083D1_256_transparent.png,18204,4fa0264e850ed99247a5d10d73e1794756b3186bc27a5c4dcd51b6d7dcd4bc0a
tokens/png_256_transparent/07_power_bi_analyst_0074C7_256_transparent.png,18185,f9671e7c016dbdc708a485b16a3669caf314830fc88ada56d043d4c0d0a67683
tokens/png_256_transparent/08_power_pages_portal_0066BE_256_transparent.png,18189,211749ee874aabfea96319afcaf8e59b84c49c911007a5ca0d67d47d9ec1b7cc
tokens/png_256_transparent/09_m365_strategist_0056B5_256_transparent.png,18201,70b4aa1ef39cc272700ab10e1b13b95dbeda0be37b0a6f3ec00af914d0ed7abb
tokens/png_256_transparent/10_copilot_studio_agent_builder_0047AB_256_transparent.png,18203,c241b6bae374b8398759ecbe0ef34e83e6f921967d81f22803ef35fe24db0486
tokens/png_256_transparent/11_powerpoint_storyteller_394AB0_256_transparent.png,18196,b8f480b00d343b69317dd9027eea93ff17b82dc61641377f29b7b154cb95236f
tokens/png_256_transparent/12_excel_modeler_574BB4_256_transparent.png,18208,3e7f7a8e8b08a98acbd1e59c504c82692d17f6e65436d3de347454917f53253a
tokens/png_256_transparent/13_word_writer_714CB9_256_transparent.png,18238,d9c6b65889505c6c9758568fa9f2fda42ad9e4e63078000bfd1086136d72e9ef
tokens/png_256_transparent/14_outlook_communicator_894ABE_256_transparent.png,18255,e583bfa1eb45164cfdb024c3165ab74f2f766a1d8c0171ca9c3903465a514279
tokens/png_256_transparent/15_sharepoint_knowledge_A147C2_256_transparent.png,18209,362168968d0cd1c285e67eecc3ecc4646df416cbae178d8e514347d5b9d23b32
tokens/png_256_transparent/16_onedrive_sync_B942C7_256_transparent.png,18197,2d25c63a2265d2d659ccf88057672e47c574de71a372e490a53626883abf5c27
tokens/png_256_transparent/17_edge_browser_D039CB_256_transparent.png,18206,180af3c6a6154a33b262e1346dc22a7b152d83a3ab702ef40ce0c6adca147bb9
tokens/png_256_transparent/18_windows_os_E72AD0_256_transparent.png,18181,6e23de323514deeb8c077958d632ef76f0f0a5619ddb14d7ef598f287a1d10bb
tokens/png_256_transparent/19_dataverse_modeler_FF00D4_256_transparent.png,18240,8f9f8155d743c0d90bf6201653345759a47b88f502cfa006c707966485138ecb
tokens/png_256_transparent/20_fabric_data_engineer_FE24C4_256_transparent.png,18168,6793f0af06d6c9cc65f305bc79c33e2d5173c1584dce2863d58eeb9e74f8cad1
tokens/png_256_transparent/21_azure_ai_foundry_FE34B4_256_transparent.png,18189,b80f9390e7fd1481dadfb162605ff77a3fcfa2ec869ed8d228030f22887cc8cc
tokens/png_256_transparent/22_apim_integration_FE3EA3_256_transparent.png,18204,36f62a496a8b991b931cfdd5ce863d95010e24e2dacd1fbe14f9a10ce9465526
tokens/png_256_transparent/23_designer_creator_FE4692_256_transparent.png,18204,5d9456a2aec4caf1d29678fb823042d3d5fd23e2c42082caec9ef1559209bc93
tokens/png_256_transparent/24_github_engineer_FE4C80_256_transparent.png,18185,0ca58becd66902e5db09d545dae625c59299c63d3514b274491c9abcc373c86f
tokens/png_256_transparent/25_vscode_developer_FE516D_256_transparent.png,18189,c3b76afca5819e79dcf978c08a76886d62dca930300c78f85c5872d4763014b9
tokens/png_256_transparent/26_devops_release_FE5557_256_transparent.png,18206,223f0a60fcb68d99de2c7a8e84e8ac585f99fd1b310725fdc903fbdea5b05a56
tokens/png_256_transparent/27_aks_platform_FF583C_256_transparent.png,18199,fe741cf465f9b511e73da1dc9f5a84fa8876f242aa84070584c864b28f47ee3a
tokens/png_256_transparent/28_functions_serverless_FF5A00_256_transparent.png,22724,1d2e2f49fbacd1ec2a761dbed752f28f00db96553ede70f9932fe61597481435
tokens/png_256_transparent/29_cosmosdb_global_F85402_256_transparent.png,22706,65def266115a5dc49f19e01022785a6eb7699228b6aec7ccfe68baca52081918
tokens/png_256_transparent/30_sql_database_F24E04_256_transparent.png,22707,dfd1f82101471f6a25dc35218197f6f52bb5c51d1ed550e381f4453e58b4063d
tokens/png_256_transparent/31_graph_connector_EC4705_256_transparent.png,22712,e9c39b7f4f6febb5da65a7dd489c713f840aa2be9bc7a97f8508335a65064fc3
tokens/png_256_transparent/32_defender_security_E54107_256_transparent.png,22742,4956aced68668a1d2424a93b0908ae0559b13b50a097113458b6ace60d2e0cb4
tokens/png_256_transparent/33_sentinel_soc_DF3A08_256_transparent.png,22713,ee4a786e6c6b8c77550f43ea86951360b9678dc40a0f49ec4ff23f95ede103fc
tokens/png_256_transparent/34_purview_governance_D83309_256_transparent.png,22747,09493072bf3fc2ae8ad347181c066858f5c96382f9fdea5c082bdb895d88057e
tokens/png_256_transparent/35_intune_endpoint_D22C0A_256_transparent.png,22753,2eebf9d15ef8497c8e85dc851dd5b2b22b78fdb2f0da6412eff9d24572323641
tokens/png_256_transparent/36_viva_employee_experience_CB230A_256_transparent.png,22735,bea3bc0f231dabb0ee5b228156ff7db411f1012b978612dfd6a34755a8683f29
tokens/png_256_transparent/37_loop_workflows_C51A0B_256_transparent.png,22709,a275de57cbeb6ab230fcdf785be07712e648543300e81e7d71fa94f2c2dcbd5d
tokens/png_256_transparent/38_planner_coordination_CE3C10_256_transparent.png,22742,c7902ae788a3b99e3603581823410c93647dc7f04cbfa7128f1191cd8bb23eef
tokens/png_256_transparent/39_dynamics_customer_D65514_256_transparent.png,22761,0b499710732c51d21225af36c010699a6fbcee7bf4a089ccc5e6a4c4bd4495c8
tokens/png_256_transparent/40_finance_ops_DE6B19_256_transparent.png,22764,96ea6700f833cefe24c4b10a43952089fad14122186be972d03347f3db4302e9
tokens/png_256_transparent/41_healthcare_clinical_E57F1D_256_transparent.png,22762,a2617abd7ae87d25390542ae8d9c5c387ed450e01976a276624782a83957f21b
tokens/png_256_transparent/42_retail_personalization_EB9322_256_transparent.png,22766,3b73375abfe1bd51d14d809cd18e84b24cb5cb9a669adce49de06b2f14c32f29
tokens/png_256_transparent/43_manufacturing_iot_F1A727_256_transparent.png,22750,e730cdb38bca92d9f7444c6dd714d1308c50090c9fd45c0941d2f88299186b3a
tokens/png_256_transparent/44_sustainability_greenops_F6BA2B_256_transparent.png,22758,21382418b48f8c37788a07ec558b5e073d8820a7b53523fe1bfc0825228f21da
tokens/png_256_transparent/45_privacy_trust_FBCE30_256_transparent.png,22743,f56bad7ea6f0c2cd305c41f707e45f1d6a1d4072b2994033788841f92c7e38b2
tokens/png_256_transparent/46_research_scientist_FFE135_256_transparent.png,22755,609b84553eb615cd0deac0e256f33af50c1c5aba4291325160f3edcd6af1e842
tokens/png_256_transparent/47_principal_architect_FFD030_256_transparent.png,22733,d62a39bfee9b55b7d1fc3d4feb74d64044c981bf786d903bfce39466543092c2
tokens/png_256_transparent/48_executive_briefing_FFBE2B_256_transparent.png,22778,7351a7a207c3c9cc017816ce2d67eb6c1275cb927afec404a86e09397c52245a
tokens/png_256_transparent/49_agent_swarm_orchestrator_FFAC25_256_transparent.png,22751,8b52f936260e15016c132ded9964a8a4c603ec7bb03539a4ccb03fea6ea90c94
tokens/png_256_transparent/50_red_team_adversary_FF9A20_256_transparent.png,22751,6c8bc58bf6630ad9436828507640933ef62f155905145f75c08de89bd3d5a0b4
tokens/png_256_transparent/51_compliance_auditor_FF871A_256_transparent.png,22777,c6f30eb853f4a05f3c2e6b111d830c3501ec341427b7f61503887bb204235f83
tokens/png_256_transparent/52_education_learning_FF7214_256_transparent.png,22744,342f211dca81e1212a2d6afca87058c1758dbaec08957f4a615f4579e1919aea
tokens/png_256_transparent/53_legal_contracts_FF5B0E_256_transparent.png,22760,b493f29ed8d50f16488838deb999e682423a209faf2c1d348f84f92a2cd0b5f6
tokens/png_256_transparent/54_marketing_growth_FF3F06_256_transparent.png,22750,5f3e552f927b432e66eb5136f0ebd162121183282393bfee1001ad1395ae9bf4
tokens/png_256_transparent/55_sales_enablement_FF0800_256_transparent.png,22706,27e77ddc4f2759f991ce3d3282819e58bfb6a5cfae5bd62f3c49359c68520d02
tokens/png_256_transparent/56_support_triage_FF4535_256_transparent.png,22747,555348147152a5681e58044fd265b49562afd468763ab49568c7fbc2cebc3130
tokens/png_256_transparent/57_observability_sre_FF6553_256_transparent.png,22760,4a78a1c3f20781357683d4528f9a698f71cdac8bb39b4722f4b3b7e2c16c648d
tokens/png_256_transparent/58_storage_scale_FF7E6D_256_transparent.png,22775,72904d8169de3a6159a8d14746aad8234282f7bb6f70ae9287b5ffc6159b5d7a
tokens/png_256_transparent/59_network_edge_FF9586_256_transparent.png,22751,7e8342a9033afd37fd358d65e23d4235a2fe1c1c7f41c7ed7398e1cd39577c01
tokens/png_256_transparent/60_robotics_embodied_FFAB9E_256_transparent.png,22770,5c27cd92bcfd6ba3a80447e9aac0207b83811f14d246f3f05d4c19ef93c86c64
tokens/png_256_transparent/61_quantum_experiment_FFBFB6_256_transparent.png,22763,6c793622b1bcee8eea290d57901ce5e6693ddddb0e18fa0e4a16ea3ca5649f1b
tokens/png_256_transparent/62_blockchain_decentralized_FFD4CE_256_transparent.png,22724,5b2b29942f12db362105219b32556755718b45cd702ea2887ee1796a62a91481
tokens/png_256_transparent/63_prompt_engineer_FBE7E7_256_transparent.png,22749,36d20823d5e49273204b960eba93781ec3cc23d2b1e818618f7e5b0c479b7c3d
tokens/png_256_transparent/64_graphite_reviewer_F4FBFF_256_transparent.png,22715,a3fc9aee228db9558611f79daae996beedc0fb61321b49959d8b2b6fa362df58
tokens/png_512_transparent/01_azure_architect_00CFFF_512_transparent.png,39606,e9067a864cf8f3e939115dde492b995877dc81e0f4107b5ad3e3ef013f1cf8cc
tokens/png_512_transparent/02_entra_identity_00C0F6_512_transparent.png,39665,708a12ac13717c9ea591aa0855ad103c9dd4121d8168e85ee934756c5828ebbe
tokens/png_512_transparent/03_teams_collaboration_00B0ED_512_transparent.png,39650,876db6ccb82573258f8e3a06f228ce6943d5ca24b7f6c777ba74fc175353fcd0
tokens/png_512_transparent/04_power_platform_maker_00A1E3_512_transparent.png,39694,a5a21ca55e9b75abc002d5e718208b3a5cc9b27e9ff78db9c57af76e3724d096
tokens/png_512_transparent/05_power_apps_creator_0092DA_512_transparent.png,39738,f23698091ae2abfa6b0a9b2b5f7e0a4fdcbb416c78b8a9f2bd660772c5b3b3ff
tokens/png_512_transparent/06_power_automate_orchestrator_0083D1_512_transparent.png,39800,c1ac2c3e44fa31ba040ae663024b79f3612ba1f9752682c4110bcfb18effc5a9
tokens/png_512_transparent/07_power_bi_analyst_0074C7_512_transparent.png,39780,7f96a18e1455fe0a7d798cf003a97b5591009adc77e58b8594c332c86f949610
tokens/png_512_transparent/08_power_pages_portal_0066BE_512_transparent.png,39784,98489e6f4db109f13d708bf2f59d230ec07e3900b7f4a3191f0aa63ebaeaa215
tokens/png_512_transparent/09_m365_strategist_0056B5_512_transparent.png,39768,2502ce1b9e8f59e04b80a800139b73dd0713dc24fed6d012095af6a198bff2af
tokens/png_512_transparent/10_copilot_studio_agent_builder_0047AB_512_transparent.png,39759,28ba23d585a5cf0af072ea8d952b86acc0e9a96897bf07c04ee075a6a6145773
tokens/png_512_transparent/11_powerpoint_storyteller_394AB0_512_transparent.png,39881,d6fb21470aedc2e3af2a8c6b64a06a7340f316c5ee7dfb1b9143e95b212885aa
tokens/png_512_transparent/12_excel_modeler_574BB4_512_transparent.png,39874,a5a12a6c72dd164bb9b637a31d72416511a72c60d78345fc2c2013dc2af2ff41
tokens/png_512_transparent/13_word_writer_714CB9_512_transparent.png,39910,a9d8d131c11e9cb2d190334f73ed59f107531b352d59b2efe996b0880b13ab49
tokens/png_512_transparent/14_outlook_communicator_894ABE_512_transparent.png,39931,c33872d5f085e6a4be9c9282c7901941a88171820552191e53275e8fb0bbd009
tokens/png_512_transparent/15_sharepoint_knowledge_A147C2_512_transparent.png,39881,5b2a3c8d91796d9153684e4e47253d98ad760433ddce4f3728e8f4de64b9f310
tokens/png_512_transparent/16_onedrive_sync_B942C7_512_transparent.png,39852,78466d035295fe8922f9136d90cffc1046f13861530c97ee1bf223517fbf74ec
tokens/png_512_transparent/17_edge_browser_D039CB_512_transparent.png,39755,112f4a13948fdf4fc743753d8fa8a05c14e7d723455b2f92b519c69180f05f1f
tokens/png_512_transparent/18_windows_os_E72AD0_512_transparent.png,39681,f2ca4585fc8d20377e2f58916fb689d9d0d95239875fce72c735f3f07a4bf3a5
tokens/png_512_transparent/19_dataverse_modeler_FF00D4_512_transparent.png,39615,340ee5cf031f94e6fa1a54b8728d5274d1e5afcd2ad41a34dd35f1c83bd81764
tokens/png_512_transparent/20_fabric_data_engineer_FE24C4_512_transparent.png,39646,7df2dc72fc4d73dfb0ac670975e587c97021d7ba139db45b59667d1ca4469548
tokens/png_512_transparent/21_azure_ai_foundry_FE34B4_512_transparent.png,39703,fb6228ce789744b14f9e2fd639011bc5d85090c7dd55878f2f0c1ecbb2d756c1
tokens/png_512_transparent/22_apim_integration_FE3EA3_512_transparent.png,39751,ab9bc73a71ab857dc3ae9b560cef5be61ba41e7fb53b467c4d939014ab77f297
tokens/png_512_transparent/23_designer_creator_FE4692_512_transparent.png,39810,86d90601d71904f1ccfc05c85a535c8b846dc6d28bd2f14761a18badb5db6ff1
tokens/png_512_transparent/24_github_engineer_FE4C80_512_transparent.png,39859,31ff0d8f8448d9c0d8ef1f33193054d14459e8d28e2a57c7593c17535571583f
tokens/png_512_transparent/25_vscode_developer_FE516D_512_transparent.png,39840,ce9bc3913c6c00c61586b0433b0361a5f04b02a9063e9228e67fa7e1e0a9fd48
tokens/png_512_transparent/26_devops_release_FE5557_512_transparent.png,39795,420c9457ee243f395c300ee739ffd8d8521992155138c6a85a2a513eb510a4f3
tokens/png_512_transparent/27_aks_platform_FF583C_512_transparent.png,39758,d2ae110943a98cf95a7a588cb43f2b6b632be0fa9f703e8c7ed656b18cab7323
tokens/png_512_transparent/28_functions_serverless_FF5A00_512_transparent.png,51330,169d245365523fbcd8f732afed4e225cbc1b8780d8dec3b329e2820bb8ee9f6b
tokens/png_512_transparent/29_cosmosdb_global_F85402_512_transparent.png,51334,e092f4695cba177b714723f881be36cd8e9f57af3a5b0593e0bacd7fb0957c84
tokens/png_512_transparent/30_sql_database_F24E04_512_transparent.png,51311,261cb090b592160c03b1a067ad6d7cd98139ca0551e1af8edbb5b6efa7766c78
tokens/png_512_transparent/31_graph_connector_EC4705_512_transparent.png,51324,16adacf5c54aa5e15483f270a0d28671741e2e6716ceca243f41f7831e8db3a5
tokens/png_512_transparent/32_defender_security_E54107_512_transparent.png,51325,fc7250373ab7bbcecea4dc75008927c151ef90be772ca80bedca1cced63a6f0d
tokens/png_512_transparent/33_sentinel_soc_DF3A08_512_transparent.png,51302,68a59e8db20c40c517df8a3e79a3444283b5534622c37e53ec2b49321a54d681
tokens/png_512_transparent/34_purview_governance_D83309_512_transparent.png,51325,637d3b10c2ce78047e64ebf6e93340c28599ccd1dc6ebbc24fd6920011e83c6d
tokens/png_512_transparent/35_intune_endpoint_D22C0A_512_transparent.png,51316,af4d3cd14b9be806eeda2afbc367e9f1168457feedc683ea5b61c7cd9da1e4e7
tokens/png_512_transparent/36_viva_employee_experience_CB230A_512_transparent.png,51312,bac775a49720b16ca4b6af601d5073c984bda1d822e751d5c1913c18c7f4fd06
tokens/png_512_transparent/37_loop_workflows_C51A0B_512_transparent.png,51321,956bbd296fa106180fbe04c9ef2ac56c98f74dbfac84b6ddb62e7f2004a08a98
tokens/png_512_transparent/38_planner_coordination_CE3C10_512_transparent.png,51406,3e3e2bf180fffd5f1b2ed20eaa656c7d134232af7b07c5b80507823cf520db16
tokens/png_512_transparent/39_dynamics_customer_D65514_512_transparent.png,51428,e2c0bd9ef323b3f3b869d9a6c2989dcfc2c93137dac3cc2f6aefab4d47fbb84f
tokens/png_512_transparent/40_finance_ops_DE6B19_512_transparent.png,51500,4803bac8f9a62958999dbb8d2a47467f41441eb4b7bf2f6b9fbbda4d996589b0
tokens/png_512_transparent/41_healthcare_clinical_E57F1D_512_transparent.png,51514,1355d39bb5227eac40f4837dccf37f778912d642b71e75bb100d2ee3b87e4601
tokens/png_512_transparent/42_retail_personalization_EB9322_512_transparent.png,51510,441f86981a6d0c2b593c2a68bb23b6f9fb09b1ec777f059acf80781c0ec2e185
tokens/png_512_transparent/43_manufacturing_iot_F1A727_512_transparent.png,51446,7e6a5447da07170ab755d3dae73f91a9eace8dfac9c4efeba21f06ffd422f56f
tokens/png_512_transparent/44_sustainability_greenops_F6BA2B_512_transparent.png,51407,6444e453a3f72b85f21d1d4b9615a5dd4d3afebfa78b5dbf3e0460d9250fd906
tokens/png_512_transparent/45_privacy_trust_FBCE30_512_transparent.png,51336,d131784a035facb23e798bd92b1fbb5a27b77ef633b84d8a0f074f114afc147b
tokens/png_512_transparent/46_research_scientist_FFE135_512_transparent.png,51314,f85fffd9267d92f0f449ebd9692a43568467a41e76b43bdcfe1a814a122434c0
tokens/png_512_transparent/47_principal_architect_FFD030_512_transparent.png,51333,c63ff13e109c3de80198743dfe2a2d0984e92cb2fbfa44c0437a74e5e7405b21
tokens/png_512_transparent/48_executive_briefing_FFBE2B_512_transparent.png,51372,9f10bef9d28f730dd90ff7b1936fcda000bd405dd5567e9bffaf15a0570981e8
tokens/png_512_transparent/49_agent_swarm_orchestrator_FFAC25_512_transparent.png,51371,3ebefa8f39870afbf847ca28dca42136f2e71964489ee2dad8b47ed19d420df5
tokens/png_512_transparent/50_red_team_adversary_FF9A20_512_transparent.png,51456,2d410d99dfba83256e9b9c569a40fc1de64fe676cfb5fde3d6da17405d307dad
tokens/png_512_transparent/51_compliance_auditor_FF871A_512_transparent.png,51435,f1ea1922a5e8e10fa68ebd7750b509c2c38527fee2d0112b340cd8b73285b405
tokens/png_512_transparent/52_education_learning_FF7214_512_transparent.png,51439,3f06d1ec648d19d13aaaf01a31c57fe06ff87bd880bfc5271197463a785895a9
tokens/png_512_transparent/53_legal_contracts_FF5B0E_512_transparent.png,51342,e9b6abd154393c9646910f7634081ea45f63acecf087c1f427a1c9f7fc0831a2
tokens/png_512_transparent/54_marketing_growth_FF3F06_512_transparent.png,51214,34cabca1e1ee7b72b6d8354b5c7357ec36675da268e636c4a10fcabf570ebfff
tokens/png_512_transparent/55_sales_enablement_FF0800_512_transparent.png,51045,4fdaa84d9e8a5503bc71d8809c64ddae1bb4c0e66252f1f208a2caa657863b99
tokens/png_512_transparent/56_support_triage_FF4535_512_transparent.png,51391,8e8f918b42c07e9ebb10e92196c4328e1fff0ba135c08840d32c69f884fcbb3f
tokens/png_512_transparent/57_observability_sre_FF6553_512_transparent.png,51519,4f3e51675de317a7920789f23adccfde56269375c57c3e83a5da784d6b360f6f
tokens/png_512_transparent/58_storage_scale_FF7E6D_512_transparent.png,51552,58a6d5adc2db101526eb78be0deba226fb399d9ee0ae48f9b5fb9fd5531e84e6
tokens/png_512_transparent/59_network_edge_FF9586_512_transparent.png,51533,3d6dd9df58827e133d2bfaa29dce77de7f2d03ba749d1818344401ff3896ebc6
tokens/png_512_transparent/60_robotics_embodied_FFAB9E_512_transparent.png,51524,506b495a536696be374ddae0b1388224a27769cf4008f75739d4b54e39d27dbe
tokens/png_512_transparent/61_quantum_experiment_FFBFB6_512_transparent.png,51451,046214343c543cdf74b63304d7bdcb955ed90885bc94ee5be69cb53fafc3da12
tokens/png_512_transparent/62_blockchain_decentralized_FFD4CE_512_transparent.png,51341,bd426c3c4c6b8b3442650d61678c7de77d49e966c40376c9394ececc26c11443
tokens/png_512_transparent/63_prompt_engineer_FBE7E7_512_transparent.png,51232,3e3b7273fe35e6c39e8c0194c18f7925424869a63496d37171c34f76cc622d04
tokens/png_512_transparent/64_graphite_reviewer_F4FBFF_512_transparent.png,51076,0cd07f9a7ca7f4bac8a60b4cb56fa8fecce3ddd8e85c633b57f3822fd65b2316
tokens/svg_exact_raster_mask/01_azure_architect_00CFFF.svg,562,ac6fdff26a68fb74865c38d1f1ce7d272af4bbf0fb7d9ec8e8e81ef4f65027d4
tokens/svg_exact_raster_mask/02_entra_identity_00C0F6.svg,563,1141901ec7bc732f7f7506e085828f85c3e3c31e912324cfa63321a403684244
tokens/svg_exact_raster_mask/03_teams_collaboration_00B0ED.svg,574,d63440d14bf5495ca6653e1ab0ce5efe0f5c26a52ef01649478643f667444e87
tokens/svg_exact_raster_mask/04_power_platform_maker_00A1E3.svg,564,9389b937909625fa2636e9061164ed8bb1fd3021f1df4f16c3170367a9bae707
tokens/svg_exact_raster_mask/05_power_apps_creator_0092DA.svg,561,a77ee01fd044964a3b0110cf65d1127a04358a965527f3b2c0cc6331c3a9a61a
tokens/svg_exact_raster_mask/06_power_automate_orchestrator_0083D1.svg,576,bc17b7bfc05173d1947af531b8371995eb9f9df86e9ee0cc86761ff38ace841e
tokens/svg_exact_raster_mask/07_power_bi_analyst_0074C7.svg,563,e0c1522d870aadae78b479ca4d4f0e44f0219bd4455d1004730b2ae5c0bbf3b5
tokens/svg_exact_raster_mask/08_power_pages_portal_0066BE.svg,562,0fe974804c3e5aa5f3b03613996fe804de094f55717e19ec0d06d692f3c1d3d1
tokens/svg_exact_raster_mask/09_m365_strategist_0056B5.svg,570,4c21fbc4329a7b8a8881f3b71cb3b9320d1998d6c59a6c44e99739f46f279ab6
tokens/svg_exact_raster_mask/10_copilot_studio_agent_builder_0047AB.svg,573,d92f752a4d064b86ff90ddbd28e11f1ae0d9b3421a287f7b4dfc83a62f411bd8
tokens/svg_exact_raster_mask/11_powerpoint_storyteller_394AB0.svg,573,8933eb7da39e2e2e9eaa8971781b4029879a0cfdcf7502562bdc5cb3be546221
tokens/svg_exact_raster_mask/12_excel_modeler_574BB4.svg,560,a5972f05abfa10448b2490adcd84ab097e79b3fce446c3d45ca6b732c4ecf8d6
tokens/svg_exact_raster_mask/13_word_writer_714CB9.svg,559,8bdee834afde689d399ccd0380a536a06ce0ae8b507d2caca36d835fac465d42
tokens/svg_exact_raster_mask/14_outlook_communicator_894ABE.svg,568,ee6eb3fe78efad02066de1997a7b4182de2845d902b0173e9340ff2e02ce6124
tokens/svg_exact_raster_mask/15_sharepoint_knowledge_A147C2.svg,571,3e3cfd1390a75dc74eda709d81ff33d235a076457a11521034672d6f31e220ee
tokens/svg_exact_raster_mask/16_onedrive_sync_B942C7.svg,561,d84287472de3e09b3adb148342aeef5989e9e69d5c98466b043ace1c870cdad2
tokens/svg_exact_raster_mask/17_edge_browser_D039CB.svg,562,753a17dd3b2b40119b17bd99bcaa9d90f648ea29d33c29a123a332c396d84043
tokens/svg_exact_raster_mask/18_windows_os_E72AD0.svg,566,1dc6c331717cc54f13563ebabff89a9fe1efd0062091c5f7e4f09158eafc21d1
tokens/svg_exact_raster_mask/19_dataverse_modeler_FF00D4.svg,561,a0ba9ce7a65d7a1ff49cd829938e94dfaf0e2d07d187b10c5c7d4a89721f292c
tokens/svg_exact_raster_mask/20_fabric_data_engineer_FE24C4.svg,565,9e416c99547e40123357b133020be47ef5fc130135fef3d6f4e6fb221d2b44d6
tokens/svg_exact_raster_mask/21_azure_ai_foundry_FE34B4.svg,567,c852e3290490559747a57bfeac84ea1d99c16cea4793d75025347b157cafda4c
tokens/svg_exact_raster_mask/22_apim_integration_FE3EA3.svg,566,f3c0dde153fce160d49db1d79efb7ac34acc8613fd43139313a96f81e0e1804d
tokens/svg_exact_raster_mask/23_designer_creator_FE4692.svg,562,18c60d5dd7bb9c92e31c3faf6981deb34713961dc4da3ce08c0c948d50f88716
tokens/svg_exact_raster_mask/24_github_engineer_FE4C80.svg,564,50b057602fed8ce173907f359de4f01225f82f3ce82a984a2ccc5ab52196dfcb
tokens/svg_exact_raster_mask/25_vscode_developer_FE516D.svg,570,5ed25b13c32b2949362f380e4decbd33dfecf5106e5453f1e7a11b8a7bf3f3dc
tokens/svg_exact_raster_mask/26_devops_release_FE5557.svg,562,4e25d75730c0c7efab6e240bd674b7a99cccb3f3c515da7c3b2ff783e15a49dd
tokens/svg_exact_raster_mask/27_aks_platform_FF583C.svg,561,99b0b65cc979c1682b2dd17e3fe48c15527d3f9c5a5588870a636689534ccfac
tokens/svg_exact_raster_mask/28_functions_serverless_FF5A00.svg,570,e26b3979b28e555b49c953711b7505e1306575ed9078042904113b50d6b31efd
tokens/svg_exact_raster_mask/29_cosmosdb_global_F85402.svg,565,b0aa9306907e781866d16cd83936ee35e31cb5b709543173207725be6555667f
tokens/svg_exact_raster_mask/30_sql_database_F24E04.svg,559,84df1d2b7a8944f70fb191dcb5e9ae92df9e621ff63fd064dfad23a2178e2aed
tokens/svg_exact_raster_mask/31_graph_connector_EC4705.svg,563,801d102b577d2a3eba53b015bce3999cf4a93f78fabe2b363fb1fa2784779f75
tokens/svg_exact_raster_mask/32_defender_security_E54107.svg,573,f484d0f2633165f83375a5fb8da5d09da89845a717c4901a6df993b6d86f6882
tokens/svg_exact_raster_mask/33_sentinel_soc_DF3A08.svg,555,cffcb4f03e3ee2acb356a5a51f42faceafdff7ad4eff8c27a045a5c95ff671df
tokens/svg_exact_raster_mask/34_purview_governance_D83309.svg,568,f78a9ff161c475d38aa477153f41b7eb7a7a42bb2354899b6e7a6db3b7ee5a69
tokens/svg_exact_raster_mask/35_intune_endpoint_D22C0A.svg,563,c87879ba9daf356a66e8bcd1ffb4f75f201d14a68aba8491e5e8747b699d6dee
tokens/svg_exact_raster_mask/36_viva_employee_experience_CB230A.svg,582,7d13ffabe19a245a1aef89f1a7f28feb2608bf3e5e18e96a4d10520e4d2295fc
tokens/svg_exact_raster_mask/37_loop_workflows_C51A0B.svg,572,468519830525fe4ae629f925287738b82c20b80361e3ef65b4fa11a0db535fdc
tokens/svg_exact_raster_mask/38_planner_coordination_CE3C10.svg,568,2367bd66c9cc6f1406a570be212f13d61cd5d71bf9608e694a37748830013222
tokens/svg_exact_raster_mask/39_dynamics_customer_D65514.svg,572,89781f9e6264445c8a11c25a895e731fa878548baab8548730a77eaecc0697a7
tokens/svg_exact_raster_mask/40_finance_ops_DE6B19.svg,561,159f15b0c7f662cdbe1d69bac6f1841c8565416b71eb1e56605ed2d09fbedae9
tokens/svg_exact_raster_mask/41_healthcare_clinical_E57F1D.svg,570,3b4f336bd76eadf9168693f872a4fc6aa422cef9b2b7e6b1da78cd78dfbc4878
tokens/svg_exact_raster_mask/42_retail_personalization_EB9322.svg,576,8b8bfc75ee7853cde545f9a7eb5ecb20d485bf5017eea7d58f9b4e0748547918
tokens/svg_exact_raster_mask/43_manufacturing_iot_F1A727.svg,570,08d2d3868d2d8a01fa08a892a28ba18fc09bf6fa8fa24f737c7fcc1fdecf987f
tokens/svg_exact_raster_mask/44_sustainability_greenops_F6BA2B.svg,571,9d9105c63b7947cf8d067bc8e61e0c210a13ba1e5eb585598b11dce9fd06a15c
tokens/svg_exact_raster_mask/45_privacy_trust_FBCE30.svg,560,d27f2fb354250fdcc4c060e5b1b517d13b2da3e19e4d02fab45b2eaad1af0a6f
tokens/svg_exact_raster_mask/46_research_scientist_FFE135.svg,568,a65b5fa6f8a0da19474e732d30a97770835f4f7ad19570f43e64e4cd362a45c5
tokens/svg_exact_raster_mask/47_principal_architect_FFD030.svg,570,b0b4e3c85432ffaa1267c38837170d77ff0919a4350570ad53f5dc7c5c0506aa
tokens/svg_exact_raster_mask/48_executive_briefing_FFBE2B.svg,567,7805c1463ed92cb668d7fd1464100cfcb099a02874b5ab7b55671fb553dbcc30
tokens/svg_exact_raster_mask/49_agent_swarm_orchestrator_FFAC25.svg,574,c3a912ea42cdd470e2267cbaf7309d2b5745e2a13b211ba3f368d18130d95748
tokens/svg_exact_raster_mask/50_red_team_adversary_FF9A20.svg,568,62a8e4f410d0eb0d621ce9bfb6d3acfdd22d7a2cb5108650bc615c99853002cf
tokens/svg_exact_raster_mask/51_compliance_auditor_FF871A.svg,568,70ac9c25f41ee564554ffb00d7a5e2c83a6567d82c0b8f777d33af1e586f7e4f
tokens/svg_exact_raster_mask/52_education_learning_FF7214.svg,567,8b4b7475319a3149f3ec382c745ebf1ba528ace5691535e157e8c40c26d2d2e7
tokens/svg_exact_raster_mask/53_legal_contracts_FF5B0E.svg,563,3169ba92585c00e67f63f6ff90b568d402c8256a85d66706a3bb35c45fb31e2a
tokens/svg_exact_raster_mask/54_marketing_growth_FF3F06.svg,565,708d0d1563d3a3bf66c1a73165c3ff9fdb3425f4e680ea9f433fce8fa13eebc2
tokens/svg_exact_raster_mask/55_sales_enablement_FF0800.svg,571,ab9d034f1aeec80ff084c914eee54f158bcc9b0fcc2408bddbd6068d6b34db8d
tokens/svg_exact_raster_mask/56_support_triage_FF4535.svg,563,5dd8db7f47d04a4af3b2eabb05e9efee09817b8d999eb01daa81a678c06c4c6f
tokens/svg_exact_raster_mask/57_observability_sre_FF6553.svg,569,4029b36ab7f9f196cfd05b676ffe76cd999d5010b57e6ac4de9f4419b3ca3e2c
tokens/svg_exact_raster_mask/58_storage_scale_FF7E6D.svg,562,4c5f9f87b5f68b1f210829c2ca552809241040358856647adb7b6ffe4d305ef1
tokens/svg_exact_raster_mask/59_network_edge_FF9586.svg,561,5274a8b84e20566669a7015b23edfd541526a95868c1e4347081bbd488503b5f
tokens/svg_exact_raster_mask/60_robotics_embodied_FFAB9E.svg,572,edab9f8d5ffff9289dc6bd0918114e1e18d72a9018944abee1d62fe7e41407cd
tokens/svg_exact_raster_mask/61_quantum_experiment_FFBFB6.svg,570,bd08a3654e96afdf998e4c7f933bb34a332a3ab52acf858ad2a1cd594f506f69
tokens/svg_exact_raster_mask/62_blockchain_decentralized_FFD4CE.svg,579,eeaf2b34615590fb1817dfba4a8528b61b3a5f97b7aa737361a9d77d02f4a124
tokens/svg_exact_raster_mask/63_prompt_engineer_FBE7E7.svg,568,0303fc5e39e7e5bd03c1d468fb463b9ae0459d38a55303eeeda29852659e7808
tokens/svg_exact_raster_mask/64_graphite_reviewer_F4FBFF.svg,578,8b3d97d99c494197f302d2aff501c24305a0614f8347e1a00c72142ea18e872f
